$date
	Sun Aug 16 22:36:52 2026
$end
$version
	Icarus Verilog
$end
$timescale
	1ps
$end
$scope module tb_cpu $end
$var wire 1 ! mem_wr $end
$var wire 1 " mem_rd $end
$var wire 8 # mem_data_out [7:0] $end
$var wire 16 $ mem_addr [15:0] $end
$var parameter 8 % OP_ADD $end
$var parameter 8 & OP_AND $end
$var parameter 8 ' OP_CLAC $end
$var parameter 8 ( OP_INAC $end
$var parameter 8 ) OP_JMPZ $end
$var parameter 8 * OP_JPNZ $end
$var parameter 8 + OP_JUMP $end
$var parameter 8 , OP_LDAC $end
$var parameter 8 - OP_MOVR $end
$var parameter 8 . OP_MVAC $end
$var parameter 8 / OP_NOP $end
$var parameter 8 0 OP_NOT $end
$var parameter 8 1 OP_OR $end
$var parameter 8 2 OP_STAC $end
$var parameter 8 3 OP_SUB $end
$var parameter 8 4 OP_XOR $end
$var reg 1 5 clk $end
$var reg 8 6 mem_data_in [7:0] $end
$var reg 1 7 rst $end
$var integer 32 8 fail_cnt [31:0] $end
$var integer 32 9 pass_cnt [31:0] $end
$scope module dut $end
$var wire 1 5 clk $end
$var wire 8 : mem_data_in [7:0] $end
$var wire 1 7 rst $end
$var wire 1 ; alu_zero $end
$var wire 1 < alu_xor $end
$var wire 1 = alu_sub $end
$var wire 8 > alu_out [7:0] $end
$var wire 1 ? alu_or $end
$var wire 1 @ alu_not $end
$var wire 1 A alu_inc $end
$var wire 1 B alu_clr $end
$var wire 1 C alu_and $end
$var wire 1 D alu_add $end
$var parameter 6 E ADD1 $end
$var parameter 6 F AND1 $end
$var parameter 6 G CLAC1 $end
$var parameter 6 H FETCH1 $end
$var parameter 6 I FETCH2 $end
$var parameter 6 J FETCH3 $end
$var parameter 6 K INAC1 $end
$var parameter 6 L JMPZY1 $end
$var parameter 6 M JMPZY2 $end
$var parameter 6 N JMPZY3 $end
$var parameter 6 O JPNYZ1 $end
$var parameter 6 P JPNYZ2 $end
$var parameter 6 Q JPNYZ3 $end
$var parameter 6 R JUMP1 $end
$var parameter 6 S JUMP2 $end
$var parameter 6 T JUMP3 $end
$var parameter 6 U LDAC1 $end
$var parameter 6 V LDAC2 $end
$var parameter 6 W LDAC3 $end
$var parameter 6 X LDAC4 $end
$var parameter 6 Y LDAC5 $end
$var parameter 6 Z MOVR1 $end
$var parameter 6 [ MVAC1 $end
$var parameter 6 \ NOP1 $end
$var parameter 6 ] NOT1 $end
$var parameter 8 ^ OP_ADD $end
$var parameter 8 _ OP_AND $end
$var parameter 8 ` OP_CLAC $end
$var parameter 8 a OP_INAC $end
$var parameter 8 b OP_JMPZ $end
$var parameter 8 c OP_JPNZ $end
$var parameter 8 d OP_JUMP $end
$var parameter 8 e OP_LDAC $end
$var parameter 8 f OP_MOVR $end
$var parameter 8 g OP_MVAC $end
$var parameter 8 h OP_NOP $end
$var parameter 8 i OP_NOT $end
$var parameter 8 j OP_OR $end
$var parameter 8 k OP_STAC $end
$var parameter 8 l OP_SUB $end
$var parameter 8 m OP_XOR $end
$var parameter 6 n OR1 $end
$var parameter 6 o STAC1 $end
$var parameter 6 p STAC2 $end
$var parameter 6 q STAC3 $end
$var parameter 6 r STAC4 $end
$var parameter 6 s STAC5 $end
$var parameter 6 t SUB1 $end
$var parameter 6 u XOR1 $end
$var reg 8 v AC [7:0] $end
$var reg 16 w AR [15:0] $end
$var reg 8 x DR [7:0] $end
$var reg 8 y IR [7:0] $end
$var reg 16 z PC [15:0] $end
$var reg 8 { R [7:0] $end
$var reg 8 | TR [7:0] $end
$var reg 1 } Z $end
$var reg 6 ~ current_state [5:0] $end
$var reg 16 !" mem_addr [15:0] $end
$var reg 8 "" mem_data_out [7:0] $end
$var reg 1 " mem_rd $end
$var reg 1 ! mem_wr $end
$var reg 6 #" next_state [5:0] $end
$scope module u_alu $end
$var wire 8 $" A [7:0] $end
$var wire 8 %" B [7:0] $end
$var wire 1 D add $end
$var wire 1 C and_op $end
$var wire 1 &" arith_active $end
$var wire 1 B clr $end
$var wire 1 A inc $end
$var wire 1 '" logic_active $end
$var wire 1 @ not_op $end
$var wire 1 ? or_op $end
$var wire 1 = sub $end
$var wire 1 < xor_op $end
$var wire 1 ; zero $end
$var wire 8 (" logic_out [7:0] $end
$var wire 8 )" arith_out [7:0] $end
$var reg 8 *" result [7:0] $end
$upscope $end
$upscope $end
$scope task check_ac $end
$var reg 8 +" expected [7:0] $end
$var reg 64 ," test_name [63:0] $end
$upscope $end
$scope task check_ram $end
$var reg 8 -" addr [7:0] $end
$var reg 8 ." expected [7:0] $end
$var reg 64 /" test_name [63:0] $end
$upscope $end
$scope task check_z $end
$var reg 1 0" expected $end
$var reg 64 1" test_name [63:0] $end
$upscope $end
$scope task do_reset $end
$var integer 32 2" i [31:0] $end
$upscope $end
$scope task run_cycles $end
$var integer 32 3" i [31:0] $end
$var integer 32 4" n [31:0] $end
$upscope $end
$upscope $end
$enddefinitions $end
$comment Show the parameter values. $end
$dumpall
b11100 u
b10111 t
b1100 s
b1011 r
b1010 q
b1001 p
b1000 o
b11011 n
b1110 m
b1001 l
b10 k
b1101 j
b1111 i
b0 h
b11 g
b100 f
b1 e
b101 d
b111 c
b110 b
b1010 a
b1011 `
b1100 _
b1000 ^
b11101 ]
b100000 \
b11110 [
b11111 Z
b111 Y
b110 X
b101 W
b100 V
b11 U
b1111 T
b1110 S
b1101 R
b10101 Q
b10100 P
b10011 O
b10010 N
b10001 M
b10000 L
b11000 K
b10 J
b1 I
b0 H
b11001 G
b11010 F
b10110 E
b1110 4
b1001 3
b10 2
b1101 1
b1111 0
b0 /
b11 .
b100 -
b1 ,
b101 +
b111 *
b110 )
b1010 (
b1011 '
b1100 &
b1000 %
$end
#0
$dumpvars
bx 4"
bx 3"
b100000000 2"
bx 1"
x0"
bx /"
bx ."
bx -"
bx ,"
bx +"
b0 *"
b0 )"
b0 ("
0'"
0&"
b0 %"
b0 $"
b1 #"
b0 ""
b0 !"
b0 ~
0}
b0 |
b0 {
b0 z
b0 y
b0 x
b0 w
b0 v
0D
0C
0B
0A
0@
0?
b0 >
0=
0<
1;
bx :
b0 9
b0 8
17
bx 6
05
b0 $
b0 #
0"
0!
$end
#5000
15
#10000
05
#15000
b0 6
b0 :
b10 #"
1"
b1 ~
b0 3"
b1100 4"
07
15
#20000
05
#25000
bx 6
bx :
b100000 #"
b1 z
0"
b10 ~
b1 3"
15
#30000
05
#35000
b0 6
b0 :
b0 #"
1"
b1 $
b1 !"
b1 w
b100000 ~
b10 3"
15
#40000
05
#45000
bx 6
bx :
b1 #"
0"
b0 ~
b11 3"
15
#50000
05
#55000
b0 6
b0 :
b10 #"
1"
b1 ~
b100 3"
15
#60000
05
#65000
bx 6
bx :
b100000 #"
b10 z
0"
b10 ~
b101 3"
15
#70000
05
#75000
b0 6
b0 :
b0 #"
1"
b10 $
b10 !"
b10 w
b100000 ~
b110 3"
15
#80000
05
#85000
bx 6
bx :
b1 #"
0"
b0 ~
b111 3"
15
#90000
05
#95000
b0 6
b0 :
b10 #"
1"
b1 ~
b1000 3"
15
#100000
05
#105000
bx 6
bx :
b100000 #"
b11 z
0"
b10 ~
b1001 3"
15
#110000
05
#115000
b0 6
b0 :
b0 #"
1"
b11 $
b11 !"
b11 w
b100000 ~
b1010 3"
15
#120000
05
#125000
bx 6
bx :
b1 #"
0"
b0 ~
b1011 3"
15
#130000
05
#135000
b0 $
b0 !"
b0 w
b0 z
b100000000 2"
17
b1 9
b100111001001111010100000010000000100000001000000010000000100000 ,"
b0 +"
b1100 3"
15
#140000
05
#145000
15
#150000
05
#155000
b1 6
b1 :
b10 #"
1"
b1 ~
b0 3"
b11001 4"
07
15
#160000
05
#165000
bx 6
bx :
b100000 #"
b1 z
b1 x
0"
b10 ~
b1 3"
15
#170000
05
#175000
b0 6
b0 :
b0 #"
1"
b1 $
b1 !"
b1 w
b1 y
b100000 ~
b10 3"
15
#180000
05
#185000
bx 6
bx :
b1 #"
0"
b0 ~
b11 3"
15
#190000
05
#195000
b0 6
b0 :
b10 #"
1"
b1 ~
b100 3"
15
#200000
05
#205000
bx 6
bx :
b11 #"
b10 z
b0 x
0"
b10 ~
b101 3"
15
#210000
05
#215000
b10100101 6
b10100101 :
b100 #"
1"
b10 $
b10 !"
b10 w
b0 y
b11 ~
b110 3"
15
#220000
05
#225000
b0 6
b0 :
b101 #"
b11 $
b11 !"
b11 w
b11 z
b10100101 x
1"
b100 ~
b111 3"
15
#230000
05
#235000
bx 6
bx :
b110 #"
b100 z
b0 x
b10100101 |
0"
b101 ~
b1000 3"
15
#240000
05
#245000
b1 6
b1 :
b111 #"
1"
b1010010100000000 $
b1010010100000000 !"
b1010010100000000 w
b110 ~
b1001 3"
15
#250000
05
#255000
bx 6
bx :
b0 #"
b1 x
0"
b111 ~
b1010 3"
15
#260000
05
#265000
0;
b1 >
b1 *"
b1 #"
b1 v
b1 $"
b0 ~
b1011 3"
15
#270000
05
#275000
b0 6
b0 :
b10 #"
1"
b100 $
b100 !"
b100 w
b1 ~
b1100 3"
15
#280000
05
#285000
bx 6
bx :
b100000 #"
b101 z
b0 x
0"
b10 ~
b1101 3"
15
#290000
05
#295000
b0 6
b0 :
b0 #"
1"
b101 $
b101 !"
b101 w
b100000 ~
b1110 3"
15
#300000
05
#305000
bx 6
bx :
b1 #"
0"
b0 ~
b1111 3"
15
#310000
05
#315000
b0 6
b0 :
b10 #"
1"
b1 ~
b10000 3"
15
#320000
05
#325000
bx 6
bx :
b100000 #"
b110 z
0"
b10 ~
b10001 3"
15
#330000
05
#335000
b0 6
b0 :
b0 #"
1"
b110 $
b110 !"
b110 w
b100000 ~
b10010 3"
15
#340000
05
#345000
bx 6
bx :
b1 #"
0"
b0 ~
b10011 3"
15
#350000
05
#355000
b0 6
b0 :
b10 #"
1"
b1 ~
b10100 3"
15
#360000
05
#365000
bx 6
bx :
b100000 #"
b111 z
0"
b10 ~
b10101 3"
15
#370000
05
#375000
b0 6
b0 :
b0 #"
1"
b111 $
b111 !"
b111 w
b100000 ~
b10110 3"
15
#380000
05
#385000
bx 6
bx :
b1 #"
0"
b0 ~
b10111 3"
15
#390000
05
#395000
b0 6
b0 :
b10 #"
1"
b1 ~
b11000 3"
15
#400000
05
#405000
bx 6
bx :
1;
b0 >
b0 *"
b1 #"
0"
b0 $
b0 !"
b0 v
b0 $"
b0 |
b0 w
b0 z
b0 ~
b100000000 2"
17
b1 8
b100110001000100010000010100001100100000001000000010000000100000 ,"
b1000010 +"
b11001 3"
15
#410000
05
#415000
15
#420000
05
#425000
b1 6
b1 :
b10 #"
1"
b1 ~
b0 3"
b110010 4"
07
15
#430000
05
#435000
bx 6
bx :
b100000 #"
b1 z
b1 x
0"
b10 ~
b1 3"
15
#440000
05
#445000
b0 6
b0 :
b0 #"
1"
b1 $
b1 !"
b1 w
b1 y
b100000 ~
b10 3"
15
#450000
05
#455000
bx 6
bx :
b1 #"
0"
b0 ~
b11 3"
15
#460000
05
#465000
b0 6
b0 :
b10 #"
1"
b1 ~
b100 3"
15
#470000
05
#475000
bx 6
bx :
b11 #"
b10 z
b0 x
0"
b10 ~
b101 3"
15
#480000
05
#485000
b10110000 6
b10110000 :
b100 #"
1"
b10 $
b10 !"
b10 w
b0 y
b11 ~
b110 3"
15
#490000
05
#495000
b10 6
b10 :
b101 #"
b11 $
b11 !"
b11 w
b11 z
b10110000 x
1"
b100 ~
b111 3"
15
#500000
05
#505000
bx 6
bx :
b110 #"
b100 z
b10 x
b10110000 |
0"
b101 ~
b1000 3"
15
#510000
05
#515000
b10110000 6
b10110000 :
b111 #"
1"
b1011000000000010 $
b1011000000000010 !"
b1011000000000010 w
b110 ~
b1001 3"
15
#520000
05
#525000
bx 6
bx :
b0 #"
b10110000 x
0"
b111 ~
b1010 3"
15
#530000
05
#535000
0;
b10110000 >
b10110000 *"
b1 #"
b10110000 v
b10110000 $"
b0 ~
b1011 3"
15
#540000
05
#545000
b0 6
b0 :
b10 #"
1"
b100 $
b100 !"
b100 w
b1 ~
b1100 3"
15
#550000
05
#555000
bx 6
bx :
b100000 #"
b101 z
b0 x
0"
b10 ~
b1101 3"
15
#560000
05
#565000
b11000000 6
b11000000 :
b0 #"
1"
b101 $
b101 !"
b101 w
b100000 ~
b1110 3"
15
#570000
05
#575000
bx 6
bx :
b1 #"
0"
b0 ~
b1111 3"
15
#580000
05
#585000
b11000000 6
b11000000 :
b10 #"
1"
b1 ~
b10000 3"
15
#590000
05
#595000
bx 6
bx :
b100000 #"
b110 z
b11000000 x
0"
b10 ~
b10001 3"
15
#600000
05
#605000
b0 6
b0 :
b0 #"
1"
b110 $
b110 !"
b110 w
b11000000 y
b100000 ~
b10010 3"
15
#610000
05
#615000
bx 6
bx :
b1 #"
0"
b0 ~
b10011 3"
15
#620000
05
#625000
b0 6
b0 :
b10 #"
1"
b1 ~
b10100 3"
15
#630000
05
#635000
bx 6
bx :
b100000 #"
b111 z
b0 x
0"
b10 ~
b10101 3"
15
#640000
05
#645000
b0 6
b0 :
b0 #"
1"
b111 $
b111 !"
b111 w
b0 y
b100000 ~
b10110 3"
15
#650000
05
#655000
bx 6
bx :
b1 #"
0"
b0 ~
b10111 3"
15
#660000
05
#665000
b0 6
b0 :
b10 #"
1"
b1 ~
b11000 3"
15
#670000
05
#675000
bx 6
bx :
b100000 #"
b1000 z
0"
b10 ~
b11001 3"
15
#680000
05
#685000
b0 6
b0 :
b0 #"
1"
b1000 $
b1000 !"
b1000 w
b100000 ~
b11010 3"
15
#690000
05
#695000
bx 6
bx :
b1 #"
0"
b0 ~
b11011 3"
15
#700000
05
#705000
b0 6
b0 :
b10 #"
1"
b1 ~
b11100 3"
15
#710000
05
#715000
bx 6
bx :
b100000 #"
b1001 z
0"
b10 ~
b11101 3"
15
#720000
05
#725000
b0 6
b0 :
b0 #"
1"
b1001 $
b1001 !"
b1001 w
b100000 ~
b11110 3"
15
#730000
05
#735000
bx 6
bx :
b1 #"
0"
b0 ~
b11111 3"
15
#740000
05
#745000
b0 6
b0 :
b10 #"
1"
b1 ~
b100000 3"
15
#750000
05
#755000
bx 6
bx :
b100000 #"
b1010 z
0"
b10 ~
b100001 3"
15
#760000
05
#765000
b0 6
b0 :
b0 #"
1"
b1010 $
b1010 !"
b1010 w
b100000 ~
b100010 3"
15
#770000
05
#775000
bx 6
bx :
b1 #"
0"
b0 ~
b100011 3"
15
#780000
05
#785000
b0 6
b0 :
b10 #"
1"
b1 ~
b100100 3"
15
#790000
05
#795000
bx 6
bx :
b100000 #"
b1011 z
0"
b10 ~
b100101 3"
15
#800000
05
#805000
b0 6
b0 :
b0 #"
1"
b1011 $
b1011 !"
b1011 w
b100000 ~
b100110 3"
15
#810000
05
#815000
bx 6
bx :
b1 #"
0"
b0 ~
b100111 3"
15
#820000
05
#825000
b0 6
b0 :
b10 #"
1"
b1 ~
b101000 3"
15
#830000
05
#835000
bx 6
bx :
b100000 #"
b1100 z
0"
b10 ~
b101001 3"
15
#840000
05
#845000
b0 6
b0 :
b0 #"
1"
b1100 $
b1100 !"
b1100 w
b100000 ~
b101010 3"
15
#850000
05
#855000
bx 6
bx :
b1 #"
0"
b0 ~
b101011 3"
15
#860000
05
#865000
b0 6
b0 :
b10 #"
1"
b1 ~
b101100 3"
15
#870000
05
#875000
bx 6
bx :
b100000 #"
b1101 z
0"
b10 ~
b101101 3"
15
#880000
05
#885000
b0 6
b0 :
b0 #"
1"
b1101 $
b1101 !"
b1101 w
b100000 ~
b101110 3"
15
#890000
05
#895000
bx 6
bx :
b1 #"
0"
b0 ~
b101111 3"
15
#900000
05
#905000
b0 6
b0 :
b10 #"
1"
b1 ~
b110000 3"
15
#910000
05
#915000
bx 6
bx :
b100000 #"
b1110 z
0"
b10 ~
b110001 3"
15
#920000
05
#925000
1;
b0 >
b0 *"
b1 #"
b0 $
b0 !"
b0 v
b0 $"
b0 |
b0 w
b0 z
b0 ~
b100000000 2"
17
b10 8
b101001101010100010000010100001100100000001000000010000000100000 /"
b1010101 ."
b11000000 -"
b110010 3"
15
#930000
05
#935000
15
#940000
05
#945000
b1 6
b1 :
b10 #"
1"
b1 ~
b0 3"
b1010000 4"
07
15
#950000
05
#955000
bx 6
bx :
b100000 #"
b1 z
b1 x
0"
b10 ~
b1 3"
15
#960000
05
#965000
b0 6
b0 :
b0 #"
1"
b1 $
b1 !"
b1 w
b1 y
b100000 ~
b10 3"
15
#970000
05
#975000
bx 6
bx :
b1 #"
0"
b0 ~
b11 3"
15
#980000
05
#985000
b0 6
b0 :
b10 #"
1"
b1 ~
b100 3"
15
#990000
05
#995000
bx 6
bx :
b11 #"
b10 z
b0 x
0"
b10 ~
b101 3"
15
#1000000
05
#1005000
b11010000 6
b11010000 :
b100 #"
1"
b10 $
b10 !"
b10 w
b0 y
b11 ~
b110 3"
15
#1010000
05
#1015000
b11 6
b11 :
b101 #"
b11 $
b11 !"
b11 w
b11 z
b11010000 x
1"
b100 ~
b111 3"
15
#1020000
05
#1025000
bx 6
bx :
b110 #"
b100 z
b11 x
b11010000 |
0"
b101 ~
b1000 3"
15
#1030000
05
#1035000
b11 6
b11 :
b111 #"
1"
b1101000000000011 $
b1101000000000011 !"
b1101000000000011 w
b110 ~
b1001 3"
15
#1040000
05
#1045000
bx 6
bx :
b0 #"
0"
b111 ~
b1010 3"
15
#1050000
05
#1055000
0;
b11 >
b11 *"
b1 #"
b11 v
b11 $"
b0 ~
b1011 3"
15
#1060000
05
#1065000
b1 6
b1 :
b10 #"
1"
b100 $
b100 !"
b100 w
b1 ~
b1100 3"
15
#1070000
05
#1075000
bx 6
bx :
b100000 #"
b101 z
b1 x
0"
b10 ~
b1101 3"
15
#1080000
05
#1085000
b0 6
b0 :
b0 #"
1"
b101 $
b101 !"
b101 w
b1 y
b100000 ~
b1110 3"
15
#1090000
05
#1095000
bx 6
bx :
b1 #"
0"
b0 ~
b1111 3"
15
#1100000
05
#1105000
b0 6
b0 :
b10 #"
1"
b1 ~
b10000 3"
15
#1110000
05
#1115000
bx 6
bx :
b11 #"
b110 z
b0 x
0"
b10 ~
b10001 3"
15
#1120000
05
#1125000
b11010001 6
b11010001 :
b100 #"
1"
b110 $
b110 !"
b110 w
b0 y
b11 ~
b10010 3"
15
#1130000
05
#1135000
b1000 6
b1000 :
b101 #"
b111 $
b111 !"
b111 w
b111 z
b11010001 x
1"
b100 ~
b10011 3"
15
#1140000
05
#1145000
bx 6
bx :
b110 #"
b1000 z
b1000 x
b11010001 |
0"
b101 ~
b10100 3"
15
#1150000
05
#1155000
b0 6
b0 :
b111 #"
1"
b1101000100001000 $
b1101000100001000 !"
b1101000100001000 w
b110 ~
b10101 3"
15
#1160000
05
#1165000
bx 6
bx :
b0 #"
b0 x
0"
b111 ~
b10110 3"
15
#1170000
05
#1175000
1;
b0 >
b0 *"
b1 #"
b0 v
b0 $"
b0 ~
b10111 3"
15
#1180000
05
#1185000
b0 6
b0 :
b10 #"
1"
b1000 $
b1000 !"
b1000 w
b1 ~
b11000 3"
15
#1190000
05
#1195000
bx 6
bx :
b100000 #"
b1001 z
0"
b10 ~
b11001 3"
15
#1200000
05
#1205000
b0 6
b0 :
b0 #"
1"
b1001 $
b1001 !"
b1001 w
b100000 ~
b11010 3"
15
#1210000
05
#1215000
bx 6
bx :
b1 #"
0"
b0 ~
b11011 3"
15
#1220000
05
#1225000
b0 6
b0 :
b10 #"
1"
b1 ~
b11100 3"
15
#1230000
05
#1235000
bx 6
bx :
b100000 #"
b1010 z
0"
b10 ~
b11101 3"
15
#1240000
05
#1245000
b0 6
b0 :
b0 #"
1"
b1010 $
b1010 !"
b1010 w
b100000 ~
b11110 3"
15
#1250000
05
#1255000
bx 6
bx :
b1 #"
0"
b0 ~
b11111 3"
15
#1260000
05
#1265000
b0 6
b0 :
b10 #"
1"
b1 ~
b100000 3"
15
#1270000
05
#1275000
bx 6
bx :
b100000 #"
b1011 z
0"
b10 ~
b100001 3"
15
#1280000
05
#1285000
b0 6
b0 :
b0 #"
1"
b1011 $
b1011 !"
b1011 w
b100000 ~
b100010 3"
15
#1290000
05
#1295000
bx 6
bx :
b1 #"
0"
b0 ~
b100011 3"
15
#1300000
05
#1305000
b0 6
b0 :
b10 #"
1"
b1 ~
b100100 3"
15
#1310000
05
#1315000
bx 6
bx :
b100000 #"
b1100 z
0"
b10 ~
b100101 3"
15
#1320000
05
#1325000
b0 6
b0 :
b0 #"
1"
b1100 $
b1100 !"
b1100 w
b100000 ~
b100110 3"
15
#1330000
05
#1335000
bx 6
bx :
b1 #"
0"
b0 ~
b100111 3"
15
#1340000
05
#1345000
b0 6
b0 :
b10 #"
1"
b1 ~
b101000 3"
15
#1350000
05
#1355000
bx 6
bx :
b100000 #"
b1101 z
0"
b10 ~
b101001 3"
15
#1360000
05
#1365000
b0 6
b0 :
b0 #"
1"
b1101 $
b1101 !"
b1101 w
b100000 ~
b101010 3"
15
#1370000
05
#1375000
bx 6
bx :
b1 #"
0"
b0 ~
b101011 3"
15
#1380000
05
#1385000
b0 6
b0 :
b10 #"
1"
b1 ~
b101100 3"
15
#1390000
05
#1395000
bx 6
bx :
b100000 #"
b1110 z
0"
b10 ~
b101101 3"
15
#1400000
05
#1405000
b0 6
b0 :
b0 #"
1"
b1110 $
b1110 !"
b1110 w
b100000 ~
b101110 3"
15
#1410000
05
#1415000
bx 6
bx :
b1 #"
0"
b0 ~
b101111 3"
15
#1420000
05
#1425000
b0 6
b0 :
b10 #"
1"
b1 ~
b110000 3"
15
#1430000
05
#1435000
bx 6
bx :
b100000 #"
b1111 z
0"
b10 ~
b110001 3"
15
#1440000
05
#1445000
b0 6
b0 :
b0 #"
1"
b1111 $
b1111 !"
b1111 w
b100000 ~
b110010 3"
15
#1450000
05
#1455000
bx 6
bx :
b1 #"
0"
b0 ~
b110011 3"
15
#1460000
05
#1465000
b0 6
b0 :
b10 #"
1"
b1 ~
b110100 3"
15
#1470000
05
#1475000
bx 6
bx :
b100000 #"
b10000 z
0"
b10 ~
b110101 3"
15
#1480000
05
#1485000
b0 6
b0 :
b0 #"
1"
b10000 $
b10000 !"
b10000 w
b100000 ~
b110110 3"
15
#1490000
05
#1495000
bx 6
bx :
b1 #"
0"
b0 ~
b110111 3"
15
#1500000
05
#1505000
b0 6
b0 :
b10 #"
1"
b1 ~
b111000 3"
15
#1510000
05
#1515000
bx 6
bx :
b100000 #"
b10001 z
0"
b10 ~
b111001 3"
15
#1520000
05
#1525000
b0 6
b0 :
b0 #"
1"
b10001 $
b10001 !"
b10001 w
b100000 ~
b111010 3"
15
#1530000
05
#1535000
bx 6
bx :
b1 #"
0"
b0 ~
b111011 3"
15
#1540000
05
#1545000
b0 6
b0 :
b10 #"
1"
b1 ~
b111100 3"
15
#1550000
05
#1555000
bx 6
bx :
b100000 #"
b10010 z
0"
b10 ~
b111101 3"
15
#1560000
05
#1565000
b0 6
b0 :
b0 #"
1"
b10010 $
b10010 !"
b10010 w
b100000 ~
b111110 3"
15
#1570000
05
#1575000
bx 6
bx :
b1 #"
0"
b0 ~
b111111 3"
15
#1580000
05
#1585000
b0 6
b0 :
b10 #"
1"
b1 ~
b1000000 3"
15
#1590000
05
#1595000
bx 6
bx :
b100000 #"
b10011 z
0"
b10 ~
b1000001 3"
15
#1600000
05
#1605000
b0 6
b0 :
b0 #"
1"
b10011 $
b10011 !"
b10011 w
b100000 ~
b1000010 3"
15
#1610000
05
#1615000
bx 6
bx :
b1 #"
0"
b0 ~
b1000011 3"
15
#1620000
05
#1625000
b0 6
b0 :
b10 #"
1"
b1 ~
b1000100 3"
15
#1630000
05
#1635000
bx 6
bx :
b100000 #"
b10100 z
0"
b10 ~
b1000101 3"
15
#1640000
05
#1645000
b0 6
b0 :
b0 #"
1"
b10100 $
b10100 !"
b10100 w
b100000 ~
b1000110 3"
15
#1650000
05
#1655000
bx 6
bx :
b1 #"
0"
b0 ~
b1000111 3"
15
#1660000
05
#1665000
b0 6
b0 :
b10 #"
1"
b1 ~
b1001000 3"
15
#1670000
05
#1675000
bx 6
bx :
b100000 #"
b10101 z
0"
b10 ~
b1001001 3"
15
#1680000
05
#1685000
b0 6
b0 :
b0 #"
1"
b10101 $
b10101 !"
b10101 w
b100000 ~
b1001010 3"
15
#1690000
05
#1695000
bx 6
bx :
b1 #"
0"
b0 ~
b1001011 3"
15
#1700000
05
#1705000
b0 6
b0 :
b10 #"
1"
b1 ~
b1001100 3"
15
#1710000
05
#1715000
bx 6
bx :
b100000 #"
b10110 z
0"
b10 ~
b1001101 3"
15
#1720000
05
#1725000
b0 6
b0 :
b0 #"
1"
b10110 $
b10110 !"
b10110 w
b100000 ~
b1001110 3"
15
#1730000
05
#1735000
bx 6
bx :
b1 #"
0"
b0 ~
b1001111 3"
15
#1740000
05
#1745000
b0 $
b0 !"
b0 |
b0 w
b0 z
b100000000 2"
17
b11 8
b100000101000100010001000010000000100000001000000010000000100000 ,"
b10000 +"
b1010000 3"
15
#1750000
05
#1755000
15
#1760000
05
#1765000
b1 6
b1 :
b10 #"
1"
b1 ~
b0 3"
07
15
#1770000
05
#1775000
bx 6
bx :
b100000 #"
b1 z
b1 x
0"
b10 ~
b1 3"
15
#1780000
05
#1785000
b0 6
b0 :
b0 #"
1"
b1 $
b1 !"
b1 w
b1 y
b100000 ~
b10 3"
15
#1790000
05
#1795000
bx 6
bx :
b1 #"
0"
b0 ~
b11 3"
15
#1800000
05
#1805000
b0 6
b0 :
b10 #"
1"
b1 ~
b100 3"
15
#1810000
05
#1815000
bx 6
bx :
b11 #"
b10 z
b0 x
0"
b10 ~
b101 3"
15
#1820000
05
#1825000
b11010000 6
b11010000 :
b100 #"
1"
b10 $
b10 !"
b10 w
b0 y
b11 ~
b110 3"
15
#1830000
05
#1835000
b11 6
b11 :
b101 #"
b11 $
b11 !"
b11 w
b11 z
b11010000 x
1"
b100 ~
b111 3"
15
#1840000
05
#1845000
bx 6
bx :
b110 #"
b100 z
b11 x
b11010000 |
0"
b101 ~
b1000 3"
15
#1850000
05
#1855000
b11 6
b11 :
b111 #"
1"
b1101000000000011 $
b1101000000000011 !"
b1101000000000011 w
b110 ~
b1001 3"
15
#1860000
05
#1865000
bx 6
bx :
b0 #"
0"
b111 ~
b1010 3"
15
#1870000
05
#1875000
0;
b11 >
b11 *"
b1 #"
b11 v
b11 $"
b0 ~
b1011 3"
15
#1880000
05
#1885000
b1 6
b1 :
b10 #"
1"
b100 $
b100 !"
b100 w
b1 ~
b1100 3"
15
#1890000
05
#1895000
bx 6
bx :
b100000 #"
b101 z
b1 x
0"
b10 ~
b1101 3"
15
#1900000
05
#1905000
b0 6
b0 :
b0 #"
1"
b101 $
b101 !"
b101 w
b1 y
b100000 ~
b1110 3"
15
#1910000
05
#1915000
bx 6
bx :
b1 #"
0"
b0 ~
b1111 3"
15
#1920000
05
#1925000
b0 6
b0 :
b10 #"
1"
b1 ~
b10000 3"
15
#1930000
05
#1935000
bx 6
bx :
b11 #"
b110 z
b0 x
0"
b10 ~
b10001 3"
15
#1940000
05
#1945000
b11010001 6
b11010001 :
b100 #"
1"
b110 $
b110 !"
b110 w
b0 y
b11 ~
b10010 3"
15
#1950000
05
#1955000
b1001 6
b1001 :
b101 #"
b111 $
b111 !"
b111 w
b111 z
b11010001 x
1"
b100 ~
b10011 3"
15
#1960000
05
#1965000
bx 6
bx :
b110 #"
b1000 z
b1001 x
b11010001 |
0"
b101 ~
b10100 3"
15
#1970000
05
#1975000
b0 6
b0 :
b111 #"
1"
b1101000100001001 $
b1101000100001001 !"
b1101000100001001 w
b110 ~
b10101 3"
15
#1980000
05
#1985000
bx 6
bx :
b0 #"
b0 x
0"
b111 ~
b10110 3"
15
#1990000
05
#1995000
1;
b0 >
b0 *"
b1 #"
b0 v
b0 $"
b0 ~
b10111 3"
15
#2000000
05
#2005000
b0 6
b0 :
b10 #"
1"
b1000 $
b1000 !"
b1000 w
b1 ~
b11000 3"
15
#2010000
05
#2015000
bx 6
bx :
b100000 #"
b1001 z
0"
b10 ~
b11001 3"
15
#2020000
05
#2025000
b0 6
b0 :
b0 #"
1"
b1001 $
b1001 !"
b1001 w
b100000 ~
b11010 3"
15
#2030000
05
#2035000
bx 6
bx :
b1 #"
0"
b0 ~
b11011 3"
15
#2040000
05
#2045000
b0 6
b0 :
b10 #"
1"
b1 ~
b11100 3"
15
#2050000
05
#2055000
bx 6
bx :
b100000 #"
b1010 z
0"
b10 ~
b11101 3"
15
#2060000
05
#2065000
b0 6
b0 :
b0 #"
1"
b1010 $
b1010 !"
b1010 w
b100000 ~
b11110 3"
15
#2070000
05
#2075000
bx 6
bx :
b1 #"
0"
b0 ~
b11111 3"
15
#2080000
05
#2085000
b0 6
b0 :
b10 #"
1"
b1 ~
b100000 3"
15
#2090000
05
#2095000
bx 6
bx :
b100000 #"
b1011 z
0"
b10 ~
b100001 3"
15
#2100000
05
#2105000
b0 6
b0 :
b0 #"
1"
b1011 $
b1011 !"
b1011 w
b100000 ~
b100010 3"
15
#2110000
05
#2115000
bx 6
bx :
b1 #"
0"
b0 ~
b100011 3"
15
#2120000
05
#2125000
b0 6
b0 :
b10 #"
1"
b1 ~
b100100 3"
15
#2130000
05
#2135000
bx 6
bx :
b100000 #"
b1100 z
0"
b10 ~
b100101 3"
15
#2140000
05
#2145000
b0 6
b0 :
b0 #"
1"
b1100 $
b1100 !"
b1100 w
b100000 ~
b100110 3"
15
#2150000
05
#2155000
bx 6
bx :
b1 #"
0"
b0 ~
b100111 3"
15
#2160000
05
#2165000
b0 6
b0 :
b10 #"
1"
b1 ~
b101000 3"
15
#2170000
05
#2175000
bx 6
bx :
b100000 #"
b1101 z
0"
b10 ~
b101001 3"
15
#2180000
05
#2185000
b0 6
b0 :
b0 #"
1"
b1101 $
b1101 !"
b1101 w
b100000 ~
b101010 3"
15
#2190000
05
#2195000
bx 6
bx :
b1 #"
0"
b0 ~
b101011 3"
15
#2200000
05
#2205000
b0 6
b0 :
b10 #"
1"
b1 ~
b101100 3"
15
#2210000
05
#2215000
bx 6
bx :
b100000 #"
b1110 z
0"
b10 ~
b101101 3"
15
#2220000
05
#2225000
b0 6
b0 :
b0 #"
1"
b1110 $
b1110 !"
b1110 w
b100000 ~
b101110 3"
15
#2230000
05
#2235000
bx 6
bx :
b1 #"
0"
b0 ~
b101111 3"
15
#2240000
05
#2245000
b0 6
b0 :
b10 #"
1"
b1 ~
b110000 3"
15
#2250000
05
#2255000
bx 6
bx :
b100000 #"
b1111 z
0"
b10 ~
b110001 3"
15
#2260000
05
#2265000
b0 6
b0 :
b0 #"
1"
b1111 $
b1111 !"
b1111 w
b100000 ~
b110010 3"
15
#2270000
05
#2275000
bx 6
bx :
b1 #"
0"
b0 ~
b110011 3"
15
#2280000
05
#2285000
b0 6
b0 :
b10 #"
1"
b1 ~
b110100 3"
15
#2290000
05
#2295000
bx 6
bx :
b100000 #"
b10000 z
0"
b10 ~
b110101 3"
15
#2300000
05
#2305000
b0 6
b0 :
b0 #"
1"
b10000 $
b10000 !"
b10000 w
b100000 ~
b110110 3"
15
#2310000
05
#2315000
bx 6
bx :
b1 #"
0"
b0 ~
b110111 3"
15
#2320000
05
#2325000
b0 6
b0 :
b10 #"
1"
b1 ~
b111000 3"
15
#2330000
05
#2335000
bx 6
bx :
b100000 #"
b10001 z
0"
b10 ~
b111001 3"
15
#2340000
05
#2345000
b0 6
b0 :
b0 #"
1"
b10001 $
b10001 !"
b10001 w
b100000 ~
b111010 3"
15
#2350000
05
#2355000
bx 6
bx :
b1 #"
0"
b0 ~
b111011 3"
15
#2360000
05
#2365000
b0 6
b0 :
b10 #"
1"
b1 ~
b111100 3"
15
#2370000
05
#2375000
bx 6
bx :
b100000 #"
b10010 z
0"
b10 ~
b111101 3"
15
#2380000
05
#2385000
b0 6
b0 :
b0 #"
1"
b10010 $
b10010 !"
b10010 w
b100000 ~
b111110 3"
15
#2390000
05
#2395000
bx 6
bx :
b1 #"
0"
b0 ~
b111111 3"
15
#2400000
05
#2405000
b0 6
b0 :
b10 #"
1"
b1 ~
b1000000 3"
15
#2410000
05
#2415000
bx 6
bx :
b100000 #"
b10011 z
0"
b10 ~
b1000001 3"
15
#2420000
05
#2425000
b0 6
b0 :
b0 #"
1"
b10011 $
b10011 !"
b10011 w
b100000 ~
b1000010 3"
15
#2430000
05
#2435000
bx 6
bx :
b1 #"
0"
b0 ~
b1000011 3"
15
#2440000
05
#2445000
b0 6
b0 :
b10 #"
1"
b1 ~
b1000100 3"
15
#2450000
05
#2455000
bx 6
bx :
b100000 #"
b10100 z
0"
b10 ~
b1000101 3"
15
#2460000
05
#2465000
b0 6
b0 :
b0 #"
1"
b10100 $
b10100 !"
b10100 w
b100000 ~
b1000110 3"
15
#2470000
05
#2475000
bx 6
bx :
b1 #"
0"
b0 ~
b1000111 3"
15
#2480000
05
#2485000
b0 6
b0 :
b10 #"
1"
b1 ~
b1001000 3"
15
#2490000
05
#2495000
bx 6
bx :
b100000 #"
b10101 z
0"
b10 ~
b1001001 3"
15
#2500000
05
#2505000
b0 6
b0 :
b0 #"
1"
b10101 $
b10101 !"
b10101 w
b100000 ~
b1001010 3"
15
#2510000
05
#2515000
bx 6
bx :
b1 #"
0"
b0 ~
b1001011 3"
15
#2520000
05
#2525000
b0 6
b0 :
b10 #"
1"
b1 ~
b1001100 3"
15
#2530000
05
#2535000
bx 6
bx :
b100000 #"
b10110 z
0"
b10 ~
b1001101 3"
15
#2540000
05
#2545000
b0 6
b0 :
b0 #"
1"
b10110 $
b10110 !"
b10110 w
b100000 ~
b1001110 3"
15
#2550000
05
#2555000
bx 6
bx :
b1 #"
0"
b0 ~
b1001111 3"
15
#2560000
05
#2565000
b0 $
b0 !"
b0 |
b0 w
b0 z
b100000000 2"
17
b100 8
b101001101010101010000100010000000100000001000000010000000100000 ,"
b11011 +"
b1010000 3"
15
#2570000
05
#2575000
15
#2580000
05
#2585000
b1 6
b1 :
b10 #"
1"
b1 ~
b0 3"
b101000 4"
07
15
#2590000
05
#2595000
bx 6
bx :
b100000 #"
b1 z
b1 x
0"
b10 ~
b1 3"
15
#2600000
05
#2605000
b0 6
b0 :
b0 #"
1"
b1 $
b1 !"
b1 w
b1 y
b100000 ~
b10 3"
15
#2610000
05
#2615000
bx 6
bx :
b1 #"
0"
b0 ~
b11 3"
15
#2620000
05
#2625000
b0 6
b0 :
b10 #"
1"
b1 ~
b100 3"
15
#2630000
05
#2635000
bx 6
bx :
b11 #"
b10 z
b0 x
0"
b10 ~
b101 3"
15
#2640000
05
#2645000
b11010000 6
b11010000 :
b100 #"
1"
b10 $
b10 !"
b10 w
b0 y
b11 ~
b110 3"
15
#2650000
05
#2655000
b1010 6
b1010 :
b101 #"
b11 $
b11 !"
b11 w
b11 z
b11010000 x
1"
b100 ~
b111 3"
15
#2660000
05
#2665000
bx 6
bx :
b110 #"
b100 z
b1010 x
b11010000 |
0"
b101 ~
b1000 3"
15
#2670000
05
#2675000
b0 6
b0 :
b111 #"
1"
b1101000000001010 $
b1101000000001010 !"
b1101000000001010 w
b110 ~
b1001 3"
15
#2680000
05
#2685000
bx 6
bx :
b0 #"
b0 x
0"
b111 ~
b1010 3"
15
#2690000
05
#2695000
b1 #"
b0 ~
b1011 3"
15
#2700000
05
#2705000
b0 6
b0 :
b10 #"
1"
b100 $
b100 !"
b100 w
b1 ~
b1100 3"
15
#2710000
05
#2715000
bx 6
bx :
b100000 #"
b101 z
0"
b10 ~
b1101 3"
15
#2720000
05
#2725000
b0 6
b0 :
b0 #"
1"
b101 $
b101 !"
b101 w
b100000 ~
b1110 3"
15
#2730000
05
#2735000
bx 6
bx :
b1 #"
0"
b0 ~
b1111 3"
15
#2740000
05
#2745000
b0 6
b0 :
b10 #"
1"
b1 ~
b10000 3"
15
#2750000
05
#2755000
bx 6
bx :
b100000 #"
b110 z
0"
b10 ~
b10001 3"
15
#2760000
05
#2765000
b0 6
b0 :
b0 #"
1"
b110 $
b110 !"
b110 w
b100000 ~
b10010 3"
15
#2770000
05
#2775000
bx 6
bx :
b1 #"
0"
b0 ~
b10011 3"
15
#2780000
05
#2785000
b0 6
b0 :
b10 #"
1"
b1 ~
b10100 3"
15
#2790000
05
#2795000
bx 6
bx :
b100000 #"
b111 z
0"
b10 ~
b10101 3"
15
#2800000
05
#2805000
b0 6
b0 :
b0 #"
1"
b111 $
b111 !"
b111 w
b100000 ~
b10110 3"
15
#2810000
05
#2815000
bx 6
bx :
b1 #"
0"
b0 ~
b10111 3"
15
#2820000
05
#2825000
b0 6
b0 :
b10 #"
1"
b1 ~
b11000 3"
15
#2830000
05
#2835000
bx 6
bx :
b100000 #"
b1000 z
0"
b10 ~
b11001 3"
15
#2840000
05
#2845000
b0 6
b0 :
b0 #"
1"
b1000 $
b1000 !"
b1000 w
b100000 ~
b11010 3"
15
#2850000
05
#2855000
bx 6
bx :
b1 #"
0"
b0 ~
b11011 3"
15
#2860000
05
#2865000
b0 6
b0 :
b10 #"
1"
b1 ~
b11100 3"
15
#2870000
05
#2875000
bx 6
bx :
b100000 #"
b1001 z
0"
b10 ~
b11101 3"
15
#2880000
05
#2885000
b0 6
b0 :
b0 #"
1"
b1001 $
b1001 !"
b1001 w
b100000 ~
b11110 3"
15
#2890000
05
#2895000
bx 6
bx :
b1 #"
0"
b0 ~
b11111 3"
15
#2900000
05
#2905000
b0 6
b0 :
b10 #"
1"
b1 ~
b100000 3"
15
#2910000
05
#2915000
bx 6
bx :
b100000 #"
b1010 z
0"
b10 ~
b100001 3"
15
#2920000
05
#2925000
b0 6
b0 :
b0 #"
1"
b1010 $
b1010 !"
b1010 w
b100000 ~
b100010 3"
15
#2930000
05
#2935000
bx 6
bx :
b1 #"
0"
b0 ~
b100011 3"
15
#2940000
05
#2945000
b0 6
b0 :
b10 #"
1"
b1 ~
b100100 3"
15
#2950000
05
#2955000
bx 6
bx :
b100000 #"
b1011 z
0"
b10 ~
b100101 3"
15
#2960000
05
#2965000
b0 6
b0 :
b0 #"
1"
b1011 $
b1011 !"
b1011 w
b100000 ~
b100110 3"
15
#2970000
05
#2975000
bx 6
bx :
b1 #"
0"
b0 ~
b100111 3"
15
#2980000
05
#2985000
b0 $
b0 !"
b0 |
b0 w
b0 z
b100000000 2"
17
b101 8
b100100101001110010000010100001100101101010110100010000000100000 1"
10"
b10 9
b100100101001110010000010100001100100000001000000010000000100000 ,"
b0 +"
b101000 3"
15
#2990000
05
#2995000
15
#3000000
05
#3005000
b1 6
b1 :
b10 #"
1"
b1 ~
b0 3"
07
15
#3010000
05
#3015000
bx 6
bx :
b100000 #"
b1 z
b1 x
0"
b10 ~
b1 3"
15
#3020000
05
#3025000
b0 6
b0 :
b0 #"
1"
b1 $
b1 !"
b1 w
b1 y
b100000 ~
b10 3"
15
#3030000
05
#3035000
bx 6
bx :
b1 #"
0"
b0 ~
b11 3"
15
#3040000
05
#3045000
b0 6
b0 :
b10 #"
1"
b1 ~
b100 3"
15
#3050000
05
#3055000
bx 6
bx :
b11 #"
b10 z
b0 x
0"
b10 ~
b101 3"
15
#3060000
05
#3065000
b11010000 6
b11010000 :
b100 #"
1"
b10 $
b10 !"
b10 w
b0 y
b11 ~
b110 3"
15
#3070000
05
#3075000
b1011 6
b1011 :
b101 #"
b11 $
b11 !"
b11 w
b11 z
b11010000 x
1"
b100 ~
b111 3"
15
#3080000
05
#3085000
bx 6
bx :
b110 #"
b100 z
b1011 x
b11010000 |
0"
b101 ~
b1000 3"
15
#3090000
05
#3095000
b0 6
b0 :
b111 #"
1"
b1101000000001011 $
b1101000000001011 !"
b1101000000001011 w
b110 ~
b1001 3"
15
#3100000
05
#3105000
bx 6
bx :
b0 #"
b0 x
0"
b111 ~
b1010 3"
15
#3110000
05
#3115000
b1 #"
b0 ~
b1011 3"
15
#3120000
05
#3125000
b0 6
b0 :
b10 #"
1"
b100 $
b100 !"
b100 w
b1 ~
b1100 3"
15
#3130000
05
#3135000
bx 6
bx :
b100000 #"
b101 z
0"
b10 ~
b1101 3"
15
#3140000
05
#3145000
b0 6
b0 :
b0 #"
1"
b101 $
b101 !"
b101 w
b100000 ~
b1110 3"
15
#3150000
05
#3155000
bx 6
bx :
b1 #"
0"
b0 ~
b1111 3"
15
#3160000
05
#3165000
b0 6
b0 :
b10 #"
1"
b1 ~
b10000 3"
15
#3170000
05
#3175000
bx 6
bx :
b100000 #"
b110 z
0"
b10 ~
b10001 3"
15
#3180000
05
#3185000
b0 6
b0 :
b0 #"
1"
b110 $
b110 !"
b110 w
b100000 ~
b10010 3"
15
#3190000
05
#3195000
bx 6
bx :
b1 #"
0"
b0 ~
b10011 3"
15
#3200000
05
#3205000
b0 6
b0 :
b10 #"
1"
b1 ~
b10100 3"
15
#3210000
05
#3215000
bx 6
bx :
b100000 #"
b111 z
0"
b10 ~
b10101 3"
15
#3220000
05
#3225000
b0 6
b0 :
b0 #"
1"
b111 $
b111 !"
b111 w
b100000 ~
b10110 3"
15
#3230000
05
#3235000
bx 6
bx :
b1 #"
0"
b0 ~
b10111 3"
15
#3240000
05
#3245000
b0 6
b0 :
b10 #"
1"
b1 ~
b11000 3"
15
#3250000
05
#3255000
bx 6
bx :
b100000 #"
b1000 z
0"
b10 ~
b11001 3"
15
#3260000
05
#3265000
b0 6
b0 :
b0 #"
1"
b1000 $
b1000 !"
b1000 w
b100000 ~
b11010 3"
15
#3270000
05
#3275000
bx 6
bx :
b1 #"
0"
b0 ~
b11011 3"
15
#3280000
05
#3285000
b0 6
b0 :
b10 #"
1"
b1 ~
b11100 3"
15
#3290000
05
#3295000
bx 6
bx :
b100000 #"
b1001 z
0"
b10 ~
b11101 3"
15
#3300000
05
#3305000
b0 6
b0 :
b0 #"
1"
b1001 $
b1001 !"
b1001 w
b100000 ~
b11110 3"
15
#3310000
05
#3315000
bx 6
bx :
b1 #"
0"
b0 ~
b11111 3"
15
#3320000
05
#3325000
b0 6
b0 :
b10 #"
1"
b1 ~
b100000 3"
15
#3330000
05
#3335000
bx 6
bx :
b100000 #"
b1010 z
0"
b10 ~
b100001 3"
15
#3340000
05
#3345000
b0 6
b0 :
b0 #"
1"
b1010 $
b1010 !"
b1010 w
b100000 ~
b100010 3"
15
#3350000
05
#3355000
bx 6
bx :
b1 #"
0"
b0 ~
b100011 3"
15
#3360000
05
#3365000
b0 6
b0 :
b10 #"
1"
b1 ~
b100100 3"
15
#3370000
05
#3375000
bx 6
bx :
b100000 #"
b1011 z
0"
b10 ~
b100101 3"
15
#3380000
05
#3385000
b0 6
b0 :
b0 #"
1"
b1011 $
b1011 !"
b1011 w
b100000 ~
b100110 3"
15
#3390000
05
#3395000
bx 6
bx :
b1 #"
0"
b0 ~
b100111 3"
15
#3400000
05
#3405000
b0 $
b0 !"
b0 |
b0 w
b0 z
b100000000 2"
17
b110 8
b100001101001100010000010100001100101101010110100010000000100000 1"
b11 9
b100001101001100010000010100001100100000001000000010000000100000 ,"
b101000 3"
15
#3410000
05
#3415000
15
#3420000
05
#3425000
b1 6
b1 :
b10 #"
1"
b1 ~
b0 3"
b1010000 4"
07
15
#3430000
05
#3435000
bx 6
bx :
b100000 #"
b1 z
b1 x
0"
b10 ~
b1 3"
15
#3440000
05
#3445000
b0 6
b0 :
b0 #"
1"
b1 $
b1 !"
b1 w
b1 y
b100000 ~
b10 3"
15
#3450000
05
#3455000
bx 6
bx :
b1 #"
0"
b0 ~
b11 3"
15
#3460000
05
#3465000
b0 6
b0 :
b10 #"
1"
b1 ~
b100 3"
15
#3470000
05
#3475000
bx 6
bx :
b11 #"
b10 z
b0 x
0"
b10 ~
b101 3"
15
#3480000
05
#3485000
b11010000 6
b11010000 :
b100 #"
1"
b10 $
b10 !"
b10 w
b0 y
b11 ~
b110 3"
15
#3490000
05
#3495000
b11 6
b11 :
b101 #"
b11 $
b11 !"
b11 w
b11 z
b11010000 x
1"
b100 ~
b111 3"
15
#3500000
05
#3505000
bx 6
bx :
b110 #"
b100 z
b11 x
b11010000 |
0"
b101 ~
b1000 3"
15
#3510000
05
#3515000
b11 6
b11 :
b111 #"
1"
b1101000000000011 $
b1101000000000011 !"
b1101000000000011 w
b110 ~
b1001 3"
15
#3520000
05
#3525000
bx 6
bx :
b0 #"
0"
b111 ~
b1010 3"
15
#3530000
05
#3535000
0;
b11 >
b11 *"
b1 #"
b11 v
b11 $"
b0 ~
b1011 3"
15
#3540000
05
#3545000
b1 6
b1 :
b10 #"
1"
b100 $
b100 !"
b100 w
b1 ~
b1100 3"
15
#3550000
05
#3555000
bx 6
bx :
b100000 #"
b101 z
b1 x
0"
b10 ~
b1101 3"
15
#3560000
05
#3565000
b0 6
b0 :
b0 #"
1"
b101 $
b101 !"
b101 w
b1 y
b100000 ~
b1110 3"
15
#3570000
05
#3575000
bx 6
bx :
b1 #"
0"
b0 ~
b1111 3"
15
#3580000
05
#3585000
b0 6
b0 :
b10 #"
1"
b1 ~
b10000 3"
15
#3590000
05
#3595000
bx 6
bx :
b11 #"
b110 z
b0 x
0"
b10 ~
b10001 3"
15
#3600000
05
#3605000
b11010001 6
b11010001 :
b100 #"
1"
b110 $
b110 !"
b110 w
b0 y
b11 ~
b10010 3"
15
#3610000
05
#3615000
b1100 6
b1100 :
b101 #"
b111 $
b111 !"
b111 w
b111 z
b11010001 x
1"
b100 ~
b10011 3"
15
#3620000
05
#3625000
bx 6
bx :
b110 #"
b1000 z
b1100 x
b11010001 |
0"
b101 ~
b10100 3"
15
#3630000
05
#3635000
b0 6
b0 :
b111 #"
1"
b1101000100001100 $
b1101000100001100 !"
b1101000100001100 w
b110 ~
b10101 3"
15
#3640000
05
#3645000
bx 6
bx :
b0 #"
b0 x
0"
b111 ~
b10110 3"
15
#3650000
05
#3655000
1;
b0 >
b0 *"
b1 #"
b0 v
b0 $"
b0 ~
b10111 3"
15
#3660000
05
#3665000
b0 6
b0 :
b10 #"
1"
b1000 $
b1000 !"
b1000 w
b1 ~
b11000 3"
15
#3670000
05
#3675000
bx 6
bx :
b100000 #"
b1001 z
0"
b10 ~
b11001 3"
15
#3680000
05
#3685000
b0 6
b0 :
b0 #"
1"
b1001 $
b1001 !"
b1001 w
b100000 ~
b11010 3"
15
#3690000
05
#3695000
bx 6
bx :
b1 #"
0"
b0 ~
b11011 3"
15
#3700000
05
#3705000
b0 6
b0 :
b10 #"
1"
b1 ~
b11100 3"
15
#3710000
05
#3715000
bx 6
bx :
b100000 #"
b1010 z
0"
b10 ~
b11101 3"
15
#3720000
05
#3725000
b0 6
b0 :
b0 #"
1"
b1010 $
b1010 !"
b1010 w
b100000 ~
b11110 3"
15
#3730000
05
#3735000
bx 6
bx :
b1 #"
0"
b0 ~
b11111 3"
15
#3740000
05
#3745000
b0 6
b0 :
b10 #"
1"
b1 ~
b100000 3"
15
#3750000
05
#3755000
bx 6
bx :
b100000 #"
b1011 z
0"
b10 ~
b100001 3"
15
#3760000
05
#3765000
b0 6
b0 :
b0 #"
1"
b1011 $
b1011 !"
b1011 w
b100000 ~
b100010 3"
15
#3770000
05
#3775000
bx 6
bx :
b1 #"
0"
b0 ~
b100011 3"
15
#3780000
05
#3785000
b0 6
b0 :
b10 #"
1"
b1 ~
b100100 3"
15
#3790000
05
#3795000
bx 6
bx :
b100000 #"
b1100 z
0"
b10 ~
b100101 3"
15
#3800000
05
#3805000
b0 6
b0 :
b0 #"
1"
b1100 $
b1100 !"
b1100 w
b100000 ~
b100110 3"
15
#3810000
05
#3815000
bx 6
bx :
b1 #"
0"
b0 ~
b100111 3"
15
#3820000
05
#3825000
b0 6
b0 :
b10 #"
1"
b1 ~
b101000 3"
15
#3830000
05
#3835000
bx 6
bx :
b100000 #"
b1101 z
0"
b10 ~
b101001 3"
15
#3840000
05
#3845000
b0 6
b0 :
b0 #"
1"
b1101 $
b1101 !"
b1101 w
b100000 ~
b101010 3"
15
#3850000
05
#3855000
bx 6
bx :
b1 #"
0"
b0 ~
b101011 3"
15
#3860000
05
#3865000
b0 6
b0 :
b10 #"
1"
b1 ~
b101100 3"
15
#3870000
05
#3875000
bx 6
bx :
b100000 #"
b1110 z
0"
b10 ~
b101101 3"
15
#3880000
05
#3885000
b0 6
b0 :
b0 #"
1"
b1110 $
b1110 !"
b1110 w
b100000 ~
b101110 3"
15
#3890000
05
#3895000
bx 6
bx :
b1 #"
0"
b0 ~
b101111 3"
15
#3900000
05
#3905000
b0 6
b0 :
b10 #"
1"
b1 ~
b110000 3"
15
#3910000
05
#3915000
bx 6
bx :
b100000 #"
b1111 z
0"
b10 ~
b110001 3"
15
#3920000
05
#3925000
b0 6
b0 :
b0 #"
1"
b1111 $
b1111 !"
b1111 w
b100000 ~
b110010 3"
15
#3930000
05
#3935000
bx 6
bx :
b1 #"
0"
b0 ~
b110011 3"
15
#3940000
05
#3945000
b0 6
b0 :
b10 #"
1"
b1 ~
b110100 3"
15
#3950000
05
#3955000
bx 6
bx :
b100000 #"
b10000 z
0"
b10 ~
b110101 3"
15
#3960000
05
#3965000
b0 6
b0 :
b0 #"
1"
b10000 $
b10000 !"
b10000 w
b100000 ~
b110110 3"
15
#3970000
05
#3975000
bx 6
bx :
b1 #"
0"
b0 ~
b110111 3"
15
#3980000
05
#3985000
b0 6
b0 :
b10 #"
1"
b1 ~
b111000 3"
15
#3990000
05
#3995000
bx 6
bx :
b100000 #"
b10001 z
0"
b10 ~
b111001 3"
15
#4000000
05
#4005000
b0 6
b0 :
b0 #"
1"
b10001 $
b10001 !"
b10001 w
b100000 ~
b111010 3"
15
#4010000
05
#4015000
bx 6
bx :
b1 #"
0"
b0 ~
b111011 3"
15
#4020000
05
#4025000
b0 6
b0 :
b10 #"
1"
b1 ~
b111100 3"
15
#4030000
05
#4035000
bx 6
bx :
b100000 #"
b10010 z
0"
b10 ~
b111101 3"
15
#4040000
05
#4045000
b0 6
b0 :
b0 #"
1"
b10010 $
b10010 !"
b10010 w
b100000 ~
b111110 3"
15
#4050000
05
#4055000
bx 6
bx :
b1 #"
0"
b0 ~
b111111 3"
15
#4060000
05
#4065000
b0 6
b0 :
b10 #"
1"
b1 ~
b1000000 3"
15
#4070000
05
#4075000
bx 6
bx :
b100000 #"
b10011 z
0"
b10 ~
b1000001 3"
15
#4080000
05
#4085000
b0 6
b0 :
b0 #"
1"
b10011 $
b10011 !"
b10011 w
b100000 ~
b1000010 3"
15
#4090000
05
#4095000
bx 6
bx :
b1 #"
0"
b0 ~
b1000011 3"
15
#4100000
05
#4105000
b0 6
b0 :
b10 #"
1"
b1 ~
b1000100 3"
15
#4110000
05
#4115000
bx 6
bx :
b100000 #"
b10100 z
0"
b10 ~
b1000101 3"
15
#4120000
05
#4125000
b0 6
b0 :
b0 #"
1"
b10100 $
b10100 !"
b10100 w
b100000 ~
b1000110 3"
15
#4130000
05
#4135000
bx 6
bx :
b1 #"
0"
b0 ~
b1000111 3"
15
#4140000
05
#4145000
b0 6
b0 :
b10 #"
1"
b1 ~
b1001000 3"
15
#4150000
05
#4155000
bx 6
bx :
b100000 #"
b10101 z
0"
b10 ~
b1001001 3"
15
#4160000
05
#4165000
b0 6
b0 :
b0 #"
1"
b10101 $
b10101 !"
b10101 w
b100000 ~
b1001010 3"
15
#4170000
05
#4175000
bx 6
bx :
b1 #"
0"
b0 ~
b1001011 3"
15
#4180000
05
#4185000
b0 6
b0 :
b10 #"
1"
b1 ~
b1001100 3"
15
#4190000
05
#4195000
bx 6
bx :
b100000 #"
b10110 z
0"
b10 ~
b1001101 3"
15
#4200000
05
#4205000
b0 6
b0 :
b0 #"
1"
b10110 $
b10110 !"
b10110 w
b100000 ~
b1001110 3"
15
#4210000
05
#4215000
bx 6
bx :
b1 #"
0"
b0 ~
b1001111 3"
15
#4220000
05
#4225000
b0 $
b0 !"
b0 |
b0 w
b0 z
b100000000 2"
17
b111 8
b100000101001110010001000010110101011010001000000010000000100000 1"
b100 9
b100000101001110010001000010000000100000001000000010000000100000 ,"
b1010000 3"
15
#4230000
05
#4235000
15
#4240000
05
#4245000
b1 6
b1 :
b10 #"
1"
b1 ~
b0 3"
07
15
#4250000
05
#4255000
bx 6
bx :
b100000 #"
b1 z
b1 x
0"
b10 ~
b1 3"
15
#4260000
05
#4265000
b0 6
b0 :
b0 #"
1"
b1 $
b1 !"
b1 w
b1 y
b100000 ~
b10 3"
15
#4270000
05
#4275000
bx 6
bx :
b1 #"
0"
b0 ~
b11 3"
15
#4280000
05
#4285000
b0 6
b0 :
b10 #"
1"
b1 ~
b100 3"
15
#4290000
05
#4295000
bx 6
bx :
b11 #"
b10 z
b0 x
0"
b10 ~
b101 3"
15
#4300000
05
#4305000
b11010000 6
b11010000 :
b100 #"
1"
b10 $
b10 !"
b10 w
b0 y
b11 ~
b110 3"
15
#4310000
05
#4315000
b11 6
b11 :
b101 #"
b11 $
b11 !"
b11 w
b11 z
b11010000 x
1"
b100 ~
b111 3"
15
#4320000
05
#4325000
bx 6
bx :
b110 #"
b100 z
b11 x
b11010000 |
0"
b101 ~
b1000 3"
15
#4330000
05
#4335000
b11 6
b11 :
b111 #"
1"
b1101000000000011 $
b1101000000000011 !"
b1101000000000011 w
b110 ~
b1001 3"
15
#4340000
05
#4345000
bx 6
bx :
b0 #"
0"
b111 ~
b1010 3"
15
#4350000
05
#4355000
0;
b11 >
b11 *"
b1 #"
b11 v
b11 $"
b0 ~
b1011 3"
15
#4360000
05
#4365000
b1 6
b1 :
b10 #"
1"
b100 $
b100 !"
b100 w
b1 ~
b1100 3"
15
#4370000
05
#4375000
bx 6
bx :
b100000 #"
b101 z
b1 x
0"
b10 ~
b1101 3"
15
#4380000
05
#4385000
b0 6
b0 :
b0 #"
1"
b101 $
b101 !"
b101 w
b1 y
b100000 ~
b1110 3"
15
#4390000
05
#4395000
bx 6
bx :
b1 #"
0"
b0 ~
b1111 3"
15
#4400000
05
#4405000
b0 6
b0 :
b10 #"
1"
b1 ~
b10000 3"
15
#4410000
05
#4415000
bx 6
bx :
b11 #"
b110 z
b0 x
0"
b10 ~
b10001 3"
15
#4420000
05
#4425000
b11010001 6
b11010001 :
b100 #"
1"
b110 $
b110 !"
b110 w
b0 y
b11 ~
b10010 3"
15
#4430000
05
#4435000
b1101 6
b1101 :
b101 #"
b111 $
b111 !"
b111 w
b111 z
b11010001 x
1"
b100 ~
b10011 3"
15
#4440000
05
#4445000
bx 6
bx :
b110 #"
b1000 z
b1101 x
b11010001 |
0"
b101 ~
b10100 3"
15
#4450000
05
#4455000
b0 6
b0 :
b111 #"
1"
b1101000100001101 $
b1101000100001101 !"
b1101000100001101 w
b110 ~
b10101 3"
15
#4460000
05
#4465000
bx 6
bx :
b0 #"
b0 x
0"
b111 ~
b10110 3"
15
#4470000
05
#4475000
1;
b0 >
b0 *"
b1 #"
b0 v
b0 $"
b0 ~
b10111 3"
15
#4480000
05
#4485000
b0 6
b0 :
b10 #"
1"
b1000 $
b1000 !"
b1000 w
b1 ~
b11000 3"
15
#4490000
05
#4495000
bx 6
bx :
b100000 #"
b1001 z
0"
b10 ~
b11001 3"
15
#4500000
05
#4505000
b0 6
b0 :
b0 #"
1"
b1001 $
b1001 !"
b1001 w
b100000 ~
b11010 3"
15
#4510000
05
#4515000
bx 6
bx :
b1 #"
0"
b0 ~
b11011 3"
15
#4520000
05
#4525000
b0 6
b0 :
b10 #"
1"
b1 ~
b11100 3"
15
#4530000
05
#4535000
bx 6
bx :
b100000 #"
b1010 z
0"
b10 ~
b11101 3"
15
#4540000
05
#4545000
b0 6
b0 :
b0 #"
1"
b1010 $
b1010 !"
b1010 w
b100000 ~
b11110 3"
15
#4550000
05
#4555000
bx 6
bx :
b1 #"
0"
b0 ~
b11111 3"
15
#4560000
05
#4565000
b0 6
b0 :
b10 #"
1"
b1 ~
b100000 3"
15
#4570000
05
#4575000
bx 6
bx :
b100000 #"
b1011 z
0"
b10 ~
b100001 3"
15
#4580000
05
#4585000
b0 6
b0 :
b0 #"
1"
b1011 $
b1011 !"
b1011 w
b100000 ~
b100010 3"
15
#4590000
05
#4595000
bx 6
bx :
b1 #"
0"
b0 ~
b100011 3"
15
#4600000
05
#4605000
b0 6
b0 :
b10 #"
1"
b1 ~
b100100 3"
15
#4610000
05
#4615000
bx 6
bx :
b100000 #"
b1100 z
0"
b10 ~
b100101 3"
15
#4620000
05
#4625000
b0 6
b0 :
b0 #"
1"
b1100 $
b1100 !"
b1100 w
b100000 ~
b100110 3"
15
#4630000
05
#4635000
bx 6
bx :
b1 #"
0"
b0 ~
b100111 3"
15
#4640000
05
#4645000
b0 6
b0 :
b10 #"
1"
b1 ~
b101000 3"
15
#4650000
05
#4655000
bx 6
bx :
b100000 #"
b1101 z
0"
b10 ~
b101001 3"
15
#4660000
05
#4665000
b0 6
b0 :
b0 #"
1"
b1101 $
b1101 !"
b1101 w
b100000 ~
b101010 3"
15
#4670000
05
#4675000
bx 6
bx :
b1 #"
0"
b0 ~
b101011 3"
15
#4680000
05
#4685000
b0 6
b0 :
b10 #"
1"
b1 ~
b101100 3"
15
#4690000
05
#4695000
bx 6
bx :
b100000 #"
b1110 z
0"
b10 ~
b101101 3"
15
#4700000
05
#4705000
b0 6
b0 :
b0 #"
1"
b1110 $
b1110 !"
b1110 w
b100000 ~
b101110 3"
15
#4710000
05
#4715000
bx 6
bx :
b1 #"
0"
b0 ~
b101111 3"
15
#4720000
05
#4725000
b0 6
b0 :
b10 #"
1"
b1 ~
b110000 3"
15
#4730000
05
#4735000
bx 6
bx :
b100000 #"
b1111 z
0"
b10 ~
b110001 3"
15
#4740000
05
#4745000
b0 6
b0 :
b0 #"
1"
b1111 $
b1111 !"
b1111 w
b100000 ~
b110010 3"
15
#4750000
05
#4755000
bx 6
bx :
b1 #"
0"
b0 ~
b110011 3"
15
#4760000
05
#4765000
b0 6
b0 :
b10 #"
1"
b1 ~
b110100 3"
15
#4770000
05
#4775000
bx 6
bx :
b100000 #"
b10000 z
0"
b10 ~
b110101 3"
15
#4780000
05
#4785000
b0 6
b0 :
b0 #"
1"
b10000 $
b10000 !"
b10000 w
b100000 ~
b110110 3"
15
#4790000
05
#4795000
bx 6
bx :
b1 #"
0"
b0 ~
b110111 3"
15
#4800000
05
#4805000
b0 6
b0 :
b10 #"
1"
b1 ~
b111000 3"
15
#4810000
05
#4815000
bx 6
bx :
b100000 #"
b10001 z
0"
b10 ~
b111001 3"
15
#4820000
05
#4825000
b0 6
b0 :
b0 #"
1"
b10001 $
b10001 !"
b10001 w
b100000 ~
b111010 3"
15
#4830000
05
#4835000
bx 6
bx :
b1 #"
0"
b0 ~
b111011 3"
15
#4840000
05
#4845000
b0 6
b0 :
b10 #"
1"
b1 ~
b111100 3"
15
#4850000
05
#4855000
bx 6
bx :
b100000 #"
b10010 z
0"
b10 ~
b111101 3"
15
#4860000
05
#4865000
b0 6
b0 :
b0 #"
1"
b10010 $
b10010 !"
b10010 w
b100000 ~
b111110 3"
15
#4870000
05
#4875000
bx 6
bx :
b1 #"
0"
b0 ~
b111111 3"
15
#4880000
05
#4885000
b0 6
b0 :
b10 #"
1"
b1 ~
b1000000 3"
15
#4890000
05
#4895000
bx 6
bx :
b100000 #"
b10011 z
0"
b10 ~
b1000001 3"
15
#4900000
05
#4905000
b0 6
b0 :
b0 #"
1"
b10011 $
b10011 !"
b10011 w
b100000 ~
b1000010 3"
15
#4910000
05
#4915000
bx 6
bx :
b1 #"
0"
b0 ~
b1000011 3"
15
#4920000
05
#4925000
b0 6
b0 :
b10 #"
1"
b1 ~
b1000100 3"
15
#4930000
05
#4935000
bx 6
bx :
b100000 #"
b10100 z
0"
b10 ~
b1000101 3"
15
#4940000
05
#4945000
b0 6
b0 :
b0 #"
1"
b10100 $
b10100 !"
b10100 w
b100000 ~
b1000110 3"
15
#4950000
05
#4955000
bx 6
bx :
b1 #"
0"
b0 ~
b1000111 3"
15
#4960000
05
#4965000
b0 6
b0 :
b10 #"
1"
b1 ~
b1001000 3"
15
#4970000
05
#4975000
bx 6
bx :
b100000 #"
b10101 z
0"
b10 ~
b1001001 3"
15
#4980000
05
#4985000
b0 6
b0 :
b0 #"
1"
b10101 $
b10101 !"
b10101 w
b100000 ~
b1001010 3"
15
#4990000
05
#4995000
bx 6
bx :
b1 #"
0"
b0 ~
b1001011 3"
15
#5000000
05
#5005000
b0 6
b0 :
b10 #"
1"
b1 ~
b1001100 3"
15
#5010000
05
#5015000
bx 6
bx :
b100000 #"
b10110 z
0"
b10 ~
b1001101 3"
15
#5020000
05
#5025000
b0 6
b0 :
b0 #"
1"
b10110 $
b10110 !"
b10110 w
b100000 ~
b1001110 3"
15
#5030000
05
#5035000
bx 6
bx :
b1 #"
0"
b0 ~
b1001111 3"
15
#5040000
05
#5045000
b0 $
b0 !"
b0 |
b0 w
b0 z
b100000000 2"
17
b1000 8
b100111101010010001000000010000000100000001000000010000000100000 ,"
b10101011 +"
b1010000 3"
15
#5050000
05
#5055000
15
#5060000
05
#5065000
b1 6
b1 :
b10 #"
1"
b1 ~
b0 3"
07
15
#5070000
05
#5075000
bx 6
bx :
b100000 #"
b1 z
b1 x
0"
b10 ~
b1 3"
15
#5080000
05
#5085000
b0 6
b0 :
b0 #"
1"
b1 $
b1 !"
b1 w
b1 y
b100000 ~
b10 3"
15
#5090000
05
#5095000
bx 6
bx :
b1 #"
0"
b0 ~
b11 3"
15
#5100000
05
#5105000
b0 6
b0 :
b10 #"
1"
b1 ~
b100 3"
15
#5110000
05
#5115000
bx 6
bx :
b11 #"
b10 z
b0 x
0"
b10 ~
b101 3"
15
#5120000
05
#5125000
b11010000 6
b11010000 :
b100 #"
1"
b10 $
b10 !"
b10 w
b0 y
b11 ~
b110 3"
15
#5130000
05
#5135000
b11 6
b11 :
b101 #"
b11 $
b11 !"
b11 w
b11 z
b11010000 x
1"
b100 ~
b111 3"
15
#5140000
05
#5145000
bx 6
bx :
b110 #"
b100 z
b11 x
b11010000 |
0"
b101 ~
b1000 3"
15
#5150000
05
#5155000
b11 6
b11 :
b111 #"
1"
b1101000000000011 $
b1101000000000011 !"
b1101000000000011 w
b110 ~
b1001 3"
15
#5160000
05
#5165000
bx 6
bx :
b0 #"
0"
b111 ~
b1010 3"
15
#5170000
05
#5175000
0;
b11 >
b11 *"
b1 #"
b11 v
b11 $"
b0 ~
b1011 3"
15
#5180000
05
#5185000
b1 6
b1 :
b10 #"
1"
b100 $
b100 !"
b100 w
b1 ~
b1100 3"
15
#5190000
05
#5195000
bx 6
bx :
b100000 #"
b101 z
b1 x
0"
b10 ~
b1101 3"
15
#5200000
05
#5205000
b0 6
b0 :
b0 #"
1"
b101 $
b101 !"
b101 w
b1 y
b100000 ~
b1110 3"
15
#5210000
05
#5215000
bx 6
bx :
b1 #"
0"
b0 ~
b1111 3"
15
#5220000
05
#5225000
b0 6
b0 :
b10 #"
1"
b1 ~
b10000 3"
15
#5230000
05
#5235000
bx 6
bx :
b11 #"
b110 z
b0 x
0"
b10 ~
b10001 3"
15
#5240000
05
#5245000
b11010001 6
b11010001 :
b100 #"
1"
b110 $
b110 !"
b110 w
b0 y
b11 ~
b10010 3"
15
#5250000
05
#5255000
b1110 6
b1110 :
b101 #"
b111 $
b111 !"
b111 w
b111 z
b11010001 x
1"
b100 ~
b10011 3"
15
#5260000
05
#5265000
bx 6
bx :
b110 #"
b1000 z
b1110 x
b11010001 |
0"
b101 ~
b10100 3"
15
#5270000
05
#5275000
b0 6
b0 :
b111 #"
1"
b1101000100001110 $
b1101000100001110 !"
b1101000100001110 w
b110 ~
b10101 3"
15
#5280000
05
#5285000
bx 6
bx :
b0 #"
b0 x
0"
b111 ~
b10110 3"
15
#5290000
05
#5295000
1;
b0 >
b0 *"
b1 #"
b0 v
b0 $"
b0 ~
b10111 3"
15
#5300000
05
#5305000
b0 6
b0 :
b10 #"
1"
b1000 $
b1000 !"
b1000 w
b1 ~
b11000 3"
15
#5310000
05
#5315000
bx 6
bx :
b100000 #"
b1001 z
0"
b10 ~
b11001 3"
15
#5320000
05
#5325000
b0 6
b0 :
b0 #"
1"
b1001 $
b1001 !"
b1001 w
b100000 ~
b11010 3"
15
#5330000
05
#5335000
bx 6
bx :
b1 #"
0"
b0 ~
b11011 3"
15
#5340000
05
#5345000
b0 6
b0 :
b10 #"
1"
b1 ~
b11100 3"
15
#5350000
05
#5355000
bx 6
bx :
b100000 #"
b1010 z
0"
b10 ~
b11101 3"
15
#5360000
05
#5365000
b0 6
b0 :
b0 #"
1"
b1010 $
b1010 !"
b1010 w
b100000 ~
b11110 3"
15
#5370000
05
#5375000
bx 6
bx :
b1 #"
0"
b0 ~
b11111 3"
15
#5380000
05
#5385000
b0 6
b0 :
b10 #"
1"
b1 ~
b100000 3"
15
#5390000
05
#5395000
bx 6
bx :
b100000 #"
b1011 z
0"
b10 ~
b100001 3"
15
#5400000
05
#5405000
b0 6
b0 :
b0 #"
1"
b1011 $
b1011 !"
b1011 w
b100000 ~
b100010 3"
15
#5410000
05
#5415000
bx 6
bx :
b1 #"
0"
b0 ~
b100011 3"
15
#5420000
05
#5425000
b0 6
b0 :
b10 #"
1"
b1 ~
b100100 3"
15
#5430000
05
#5435000
bx 6
bx :
b100000 #"
b1100 z
0"
b10 ~
b100101 3"
15
#5440000
05
#5445000
b0 6
b0 :
b0 #"
1"
b1100 $
b1100 !"
b1100 w
b100000 ~
b100110 3"
15
#5450000
05
#5455000
bx 6
bx :
b1 #"
0"
b0 ~
b100111 3"
15
#5460000
05
#5465000
b0 6
b0 :
b10 #"
1"
b1 ~
b101000 3"
15
#5470000
05
#5475000
bx 6
bx :
b100000 #"
b1101 z
0"
b10 ~
b101001 3"
15
#5480000
05
#5485000
b0 6
b0 :
b0 #"
1"
b1101 $
b1101 !"
b1101 w
b100000 ~
b101010 3"
15
#5490000
05
#5495000
bx 6
bx :
b1 #"
0"
b0 ~
b101011 3"
15
#5500000
05
#5505000
b0 6
b0 :
b10 #"
1"
b1 ~
b101100 3"
15
#5510000
05
#5515000
bx 6
bx :
b100000 #"
b1110 z
0"
b10 ~
b101101 3"
15
#5520000
05
#5525000
b0 6
b0 :
b0 #"
1"
b1110 $
b1110 !"
b1110 w
b100000 ~
b101110 3"
15
#5530000
05
#5535000
bx 6
bx :
b1 #"
0"
b0 ~
b101111 3"
15
#5540000
05
#5545000
b0 6
b0 :
b10 #"
1"
b1 ~
b110000 3"
15
#5550000
05
#5555000
bx 6
bx :
b100000 #"
b1111 z
0"
b10 ~
b110001 3"
15
#5560000
05
#5565000
b0 6
b0 :
b0 #"
1"
b1111 $
b1111 !"
b1111 w
b100000 ~
b110010 3"
15
#5570000
05
#5575000
bx 6
bx :
b1 #"
0"
b0 ~
b110011 3"
15
#5580000
05
#5585000
b0 6
b0 :
b10 #"
1"
b1 ~
b110100 3"
15
#5590000
05
#5595000
bx 6
bx :
b100000 #"
b10000 z
0"
b10 ~
b110101 3"
15
#5600000
05
#5605000
b0 6
b0 :
b0 #"
1"
b10000 $
b10000 !"
b10000 w
b100000 ~
b110110 3"
15
#5610000
05
#5615000
bx 6
bx :
b1 #"
0"
b0 ~
b110111 3"
15
#5620000
05
#5625000
b0 6
b0 :
b10 #"
1"
b1 ~
b111000 3"
15
#5630000
05
#5635000
bx 6
bx :
b100000 #"
b10001 z
0"
b10 ~
b111001 3"
15
#5640000
05
#5645000
b0 6
b0 :
b0 #"
1"
b10001 $
b10001 !"
b10001 w
b100000 ~
b111010 3"
15
#5650000
05
#5655000
bx 6
bx :
b1 #"
0"
b0 ~
b111011 3"
15
#5660000
05
#5665000
b0 6
b0 :
b10 #"
1"
b1 ~
b111100 3"
15
#5670000
05
#5675000
bx 6
bx :
b100000 #"
b10010 z
0"
b10 ~
b111101 3"
15
#5680000
05
#5685000
b0 6
b0 :
b0 #"
1"
b10010 $
b10010 !"
b10010 w
b100000 ~
b111110 3"
15
#5690000
05
#5695000
bx 6
bx :
b1 #"
0"
b0 ~
b111111 3"
15
#5700000
05
#5705000
b0 6
b0 :
b10 #"
1"
b1 ~
b1000000 3"
15
#5710000
05
#5715000
bx 6
bx :
b100000 #"
b10011 z
0"
b10 ~
b1000001 3"
15
#5720000
05
#5725000
b0 6
b0 :
b0 #"
1"
b10011 $
b10011 !"
b10011 w
b100000 ~
b1000010 3"
15
#5730000
05
#5735000
bx 6
bx :
b1 #"
0"
b0 ~
b1000011 3"
15
#5740000
05
#5745000
b0 6
b0 :
b10 #"
1"
b1 ~
b1000100 3"
15
#5750000
05
#5755000
bx 6
bx :
b100000 #"
b10100 z
0"
b10 ~
b1000101 3"
15
#5760000
05
#5765000
b0 6
b0 :
b0 #"
1"
b10100 $
b10100 !"
b10100 w
b100000 ~
b1000110 3"
15
#5770000
05
#5775000
bx 6
bx :
b1 #"
0"
b0 ~
b1000111 3"
15
#5780000
05
#5785000
b0 6
b0 :
b10 #"
1"
b1 ~
b1001000 3"
15
#5790000
05
#5795000
bx 6
bx :
b100000 #"
b10101 z
0"
b10 ~
b1001001 3"
15
#5800000
05
#5805000
b0 6
b0 :
b0 #"
1"
b10101 $
b10101 !"
b10101 w
b100000 ~
b1001010 3"
15
#5810000
05
#5815000
bx 6
bx :
b1 #"
0"
b0 ~
b1001011 3"
15
#5820000
05
#5825000
b0 6
b0 :
b10 #"
1"
b1 ~
b1001100 3"
15
#5830000
05
#5835000
bx 6
bx :
b100000 #"
b10110 z
0"
b10 ~
b1001101 3"
15
#5840000
05
#5845000
b0 6
b0 :
b0 #"
1"
b10110 $
b10110 !"
b10110 w
b100000 ~
b1001110 3"
15
#5850000
05
#5855000
bx 6
bx :
b1 #"
0"
b0 ~
b1001111 3"
15
#5860000
05
#5865000
b0 $
b0 !"
b0 |
b0 w
b0 z
b100000000 2"
17
b1001 8
b101100001001111010100100010110101011010001000000010000000100000 1"
b101 9
b101100001001111010100100010000000100000001000000010000000100000 ,"
b0 +"
b1010000 3"
15
#5870000
05
#5875000
15
#5880000
05
#5885000
b1 6
b1 :
b10 #"
1"
b1 ~
b0 3"
b101000 4"
07
15
#5890000
05
#5895000
bx 6
bx :
b100000 #"
b1 z
b1 x
0"
b10 ~
b1 3"
15
#5900000
05
#5905000
b0 6
b0 :
b0 #"
1"
b1 $
b1 !"
b1 w
b1 y
b100000 ~
b10 3"
15
#5910000
05
#5915000
bx 6
bx :
b1 #"
0"
b0 ~
b11 3"
15
#5920000
05
#5925000
b0 6
b0 :
b10 #"
1"
b1 ~
b100 3"
15
#5930000
05
#5935000
bx 6
bx :
b11 #"
b10 z
b0 x
0"
b10 ~
b101 3"
15
#5940000
05
#5945000
b11010000 6
b11010000 :
b100 #"
1"
b10 $
b10 !"
b10 w
b0 y
b11 ~
b110 3"
15
#5950000
05
#5955000
b1111 6
b1111 :
b101 #"
b11 $
b11 !"
b11 w
b11 z
b11010000 x
1"
b100 ~
b111 3"
15
#5960000
05
#5965000
bx 6
bx :
b110 #"
b100 z
b1111 x
b11010000 |
0"
b101 ~
b1000 3"
15
#5970000
05
#5975000
b0 6
b0 :
b111 #"
1"
b1101000000001111 $
b1101000000001111 !"
b1101000000001111 w
b110 ~
b1001 3"
15
#5980000
05
#5985000
bx 6
bx :
b0 #"
b0 x
0"
b111 ~
b1010 3"
15
#5990000
05
#5995000
b1 #"
b0 ~
b1011 3"
15
#6000000
05
#6005000
b0 6
b0 :
b10 #"
1"
b100 $
b100 !"
b100 w
b1 ~
b1100 3"
15
#6010000
05
#6015000
bx 6
bx :
b100000 #"
b101 z
0"
b10 ~
b1101 3"
15
#6020000
05
#6025000
b0 6
b0 :
b0 #"
1"
b101 $
b101 !"
b101 w
b100000 ~
b1110 3"
15
#6030000
05
#6035000
bx 6
bx :
b1 #"
0"
b0 ~
b1111 3"
15
#6040000
05
#6045000
b0 6
b0 :
b10 #"
1"
b1 ~
b10000 3"
15
#6050000
05
#6055000
bx 6
bx :
b100000 #"
b110 z
0"
b10 ~
b10001 3"
15
#6060000
05
#6065000
b0 6
b0 :
b0 #"
1"
b110 $
b110 !"
b110 w
b100000 ~
b10010 3"
15
#6070000
05
#6075000
bx 6
bx :
b1 #"
0"
b0 ~
b10011 3"
15
#6080000
05
#6085000
b0 6
b0 :
b10 #"
1"
b1 ~
b10100 3"
15
#6090000
05
#6095000
bx 6
bx :
b100000 #"
b111 z
0"
b10 ~
b10101 3"
15
#6100000
05
#6105000
b0 6
b0 :
b0 #"
1"
b111 $
b111 !"
b111 w
b100000 ~
b10110 3"
15
#6110000
05
#6115000
bx 6
bx :
b1 #"
0"
b0 ~
b10111 3"
15
#6120000
05
#6125000
b0 6
b0 :
b10 #"
1"
b1 ~
b11000 3"
15
#6130000
05
#6135000
bx 6
bx :
b100000 #"
b1000 z
0"
b10 ~
b11001 3"
15
#6140000
05
#6145000
b0 6
b0 :
b0 #"
1"
b1000 $
b1000 !"
b1000 w
b100000 ~
b11010 3"
15
#6150000
05
#6155000
bx 6
bx :
b1 #"
0"
b0 ~
b11011 3"
15
#6160000
05
#6165000
b0 6
b0 :
b10 #"
1"
b1 ~
b11100 3"
15
#6170000
05
#6175000
bx 6
bx :
b100000 #"
b1001 z
0"
b10 ~
b11101 3"
15
#6180000
05
#6185000
b0 6
b0 :
b0 #"
1"
b1001 $
b1001 !"
b1001 w
b100000 ~
b11110 3"
15
#6190000
05
#6195000
bx 6
bx :
b1 #"
0"
b0 ~
b11111 3"
15
#6200000
05
#6205000
b0 6
b0 :
b10 #"
1"
b1 ~
b100000 3"
15
#6210000
05
#6215000
bx 6
bx :
b100000 #"
b1010 z
0"
b10 ~
b100001 3"
15
#6220000
05
#6225000
b0 6
b0 :
b0 #"
1"
b1010 $
b1010 !"
b1010 w
b100000 ~
b100010 3"
15
#6230000
05
#6235000
bx 6
bx :
b1 #"
0"
b0 ~
b100011 3"
15
#6240000
05
#6245000
b0 6
b0 :
b10 #"
1"
b1 ~
b100100 3"
15
#6250000
05
#6255000
bx 6
bx :
b100000 #"
b1011 z
0"
b10 ~
b100101 3"
15
#6260000
05
#6265000
b0 6
b0 :
b0 #"
1"
b1011 $
b1011 !"
b1011 w
b100000 ~
b100110 3"
15
#6270000
05
#6275000
bx 6
bx :
b1 #"
0"
b0 ~
b100111 3"
15
#6280000
05
#6285000
b0 $
b0 !"
b0 |
b0 w
b0 z
b100000000 2"
17
b1010 8
b100111001001111010101000010000000100000001000000010000000100000 ,"
b1010101 +"
b101000 3"
15
#6290000
05
#6295000
15
#6300000
05
#6305000
b1 6
b1 :
b10 #"
1"
b1 ~
b0 3"
b111100 4"
07
15
#6310000
05
#6315000
bx 6
bx :
b100000 #"
b1 z
b1 x
0"
b10 ~
b1 3"
15
#6320000
05
#6325000
b0 6
b0 :
b0 #"
1"
b1 $
b1 !"
b1 w
b1 y
b100000 ~
b10 3"
15
#6330000
05
#6335000
bx 6
bx :
b1 #"
0"
b0 ~
b11 3"
15
#6340000
05
#6345000
b0 6
b0 :
b10 #"
1"
b1 ~
b100 3"
15
#6350000
05
#6355000
bx 6
bx :
b11 #"
b10 z
b0 x
0"
b10 ~
b101 3"
15
#6360000
05
#6365000
b11010000 6
b11010000 :
b100 #"
1"
b10 $
b10 !"
b10 w
b0 y
b11 ~
b110 3"
15
#6370000
05
#6375000
b11 6
b11 :
b101 #"
b11 $
b11 !"
b11 w
b11 z
b11010000 x
1"
b100 ~
b111 3"
15
#6380000
05
#6385000
bx 6
bx :
b110 #"
b100 z
b11 x
b11010000 |
0"
b101 ~
b1000 3"
15
#6390000
05
#6395000
b11 6
b11 :
b111 #"
1"
b1101000000000011 $
b1101000000000011 !"
b1101000000000011 w
b110 ~
b1001 3"
15
#6400000
05
#6405000
bx 6
bx :
b0 #"
0"
b111 ~
b1010 3"
15
#6410000
05
#6415000
0;
b11 >
b11 *"
b1 #"
b11 v
b11 $"
b0 ~
b1011 3"
15
#6420000
05
#6425000
b1011 6
b1011 :
b10 #"
1"
b100 $
b100 !"
b100 w
b1 ~
b1100 3"
15
#6430000
05
#6435000
bx 6
bx :
b100000 #"
b101 z
b1011 x
0"
b10 ~
b1101 3"
15
#6440000
05
#6445000
b100 6
b100 :
b0 #"
1"
b101 $
b101 !"
b101 w
b1011 y
b100000 ~
b1110 3"
15
#6450000
05
#6455000
bx 6
bx :
b1 #"
0"
b0 ~
b1111 3"
15
#6460000
05
#6465000
b100 6
b100 :
b10 #"
1"
b1 ~
b10000 3"
15
#6470000
05
#6475000
bx 6
bx :
b11001 #"
b110 z
b100 x
0"
b10 ~
b10001 3"
15
#6480000
05
#6485000
1;
b0 >
b0 *"
b0 6
b0 :
b0 #"
1&"
1"
b110 $
b110 !"
b110 w
b100 y
1B
b11001 ~
b10010 3"
15
#6490000
05
#6495000
bx 6
bx :
b1 #"
0&"
1}
b0 v
b0 $"
0"
0B
b0 ~
b10011 3"
15
#6500000
05
#6505000
b0 6
b0 :
b10 #"
1"
b1 ~
b10100 3"
15
#6510000
05
#6515000
bx 6
bx :
b11111 #"
b111 z
b0 x
0"
b10 ~
b10101 3"
15
#6520000
05
#6525000
b0 6
b0 :
b0 #"
1"
b111 $
b111 !"
b111 w
b0 y
b11111 ~
b10110 3"
15
#6530000
05
#6535000
bx 6
bx :
b1 #"
0"
b0 ~
b10111 3"
15
#6540000
05
#6545000
b0 6
b0 :
b10 #"
1"
b1 ~
b11000 3"
15
#6550000
05
#6555000
bx 6
bx :
b100000 #"
b1000 z
0"
b10 ~
b11001 3"
15
#6560000
05
#6565000
b0 6
b0 :
b0 #"
1"
b1000 $
b1000 !"
b1000 w
b100000 ~
b11010 3"
15
#6570000
05
#6575000
bx 6
bx :
b1 #"
0"
b0 ~
b11011 3"
15
#6580000
05
#6585000
b0 6
b0 :
b10 #"
1"
b1 ~
b11100 3"
15
#6590000
05
#6595000
bx 6
bx :
b100000 #"
b1001 z
0"
b10 ~
b11101 3"
15
#6600000
05
#6605000
b0 6
b0 :
b0 #"
1"
b1001 $
b1001 !"
b1001 w
b100000 ~
b11110 3"
15
#6610000
05
#6615000
bx 6
bx :
b1 #"
0"
b0 ~
b11111 3"
15
#6620000
05
#6625000
b0 6
b0 :
b10 #"
1"
b1 ~
b100000 3"
15
#6630000
05
#6635000
bx 6
bx :
b100000 #"
b1010 z
0"
b10 ~
b100001 3"
15
#6640000
05
#6645000
b0 6
b0 :
b0 #"
1"
b1010 $
b1010 !"
b1010 w
b100000 ~
b100010 3"
15
#6650000
05
#6655000
bx 6
bx :
b1 #"
0"
b0 ~
b100011 3"
15
#6660000
05
#6665000
b0 6
b0 :
b10 #"
1"
b1 ~
b100100 3"
15
#6670000
05
#6675000
bx 6
bx :
b100000 #"
b1011 z
0"
b10 ~
b100101 3"
15
#6680000
05
#6685000
b0 6
b0 :
b0 #"
1"
b1011 $
b1011 !"
b1011 w
b100000 ~
b100110 3"
15
#6690000
05
#6695000
bx 6
bx :
b1 #"
0"
b0 ~
b100111 3"
15
#6700000
05
#6705000
b0 6
b0 :
b10 #"
1"
b1 ~
b101000 3"
15
#6710000
05
#6715000
bx 6
bx :
b100000 #"
b1100 z
0"
b10 ~
b101001 3"
15
#6720000
05
#6725000
b0 6
b0 :
b0 #"
1"
b1100 $
b1100 !"
b1100 w
b100000 ~
b101010 3"
15
#6730000
05
#6735000
bx 6
bx :
b1 #"
0"
b0 ~
b101011 3"
15
#6740000
05
#6745000
b0 6
b0 :
b10 #"
1"
b1 ~
b101100 3"
15
#6750000
05
#6755000
bx 6
bx :
b100000 #"
b1101 z
0"
b10 ~
b101101 3"
15
#6760000
05
#6765000
b0 6
b0 :
b0 #"
1"
b1101 $
b1101 !"
b1101 w
b100000 ~
b101110 3"
15
#6770000
05
#6775000
bx 6
bx :
b1 #"
0"
b0 ~
b101111 3"
15
#6780000
05
#6785000
b0 6
b0 :
b10 #"
1"
b1 ~
b110000 3"
15
#6790000
05
#6795000
bx 6
bx :
b100000 #"
b1110 z
0"
b10 ~
b110001 3"
15
#6800000
05
#6805000
b0 6
b0 :
b0 #"
1"
b1110 $
b1110 !"
b1110 w
b100000 ~
b110010 3"
15
#6810000
05
#6815000
bx 6
bx :
b1 #"
0"
b0 ~
b110011 3"
15
#6820000
05
#6825000
b0 6
b0 :
b10 #"
1"
b1 ~
b110100 3"
15
#6830000
05
#6835000
bx 6
bx :
b100000 #"
b1111 z
0"
b10 ~
b110101 3"
15
#6840000
05
#6845000
b0 6
b0 :
b0 #"
1"
b1111 $
b1111 !"
b1111 w
b100000 ~
b110110 3"
15
#6850000
05
#6855000
bx 6
bx :
b1 #"
0"
b0 ~
b110111 3"
15
#6860000
05
#6865000
b0 6
b0 :
b10 #"
1"
b1 ~
b111000 3"
15
#6870000
05
#6875000
bx 6
bx :
b100000 #"
b10000 z
0"
b10 ~
b111001 3"
15
#6880000
05
#6885000
b0 6
b0 :
b0 #"
1"
b10000 $
b10000 !"
b10000 w
b100000 ~
b111010 3"
15
#6890000
05
#6895000
bx 6
bx :
b1 #"
0"
b0 ~
b111011 3"
15
#6900000
05
#6905000
b0 $
b0 !"
0}
b0 |
b0 w
b0 z
b100000000 2"
17
b1011 8
b100110101001111010101100101001000100000001000000010000000100000 ,"
b1111110 +"
b111100 3"
15
#6910000
05
#6915000
15
#6920000
05
#6925000
b101 6
b101 :
b10 #"
1"
b1 ~
b0 3"
07
15
#6930000
05
#6935000
bx 6
bx :
b100000 #"
b1 z
b101 x
0"
b10 ~
b1 3"
15
#6940000
05
#6945000
b0 6
b0 :
b0 #"
1"
b1 $
b1 !"
b1 w
b101 y
b100000 ~
b10 3"
15
#6950000
05
#6955000
bx 6
bx :
b1 #"
0"
b0 ~
b11 3"
15
#6960000
05
#6965000
b0 6
b0 :
b10 #"
1"
b1 ~
b100 3"
15
#6970000
05
#6975000
bx 6
bx :
b1101 #"
b10 z
b0 x
0"
b10 ~
b101 3"
15
#6980000
05
#6985000
b10000 6
b10000 :
b1110 #"
1"
b10 $
b10 !"
b10 w
b0 y
b1101 ~
b110 3"
15
#6990000
05
#6995000
b0 6
b0 :
b1111 #"
b11 $
b11 !"
b11 w
b10000 x
1"
b1110 ~
b111 3"
15
#7000000
05
#7005000
bx 6
bx :
b0 #"
b0 x
b10000 |
0"
b1111 ~
b1000 3"
15
#7010000
05
#7015000
b1 #"
b1000000000000 z
b0 ~
b1001 3"
15
#7020000
05
#7025000
b101 6
b101 :
b10 #"
1"
b1000000000000 $
b1000000000000 !"
b1000000000000 w
b1 ~
b1010 3"
15
#7030000
05
#7035000
bx 6
bx :
b100000 #"
b1000000000001 z
b101 x
0"
b10 ~
b1011 3"
15
#7040000
05
#7045000
b0 6
b0 :
b0 #"
1"
b1000000000001 $
b1000000000001 !"
b1000000000001 w
b101 y
b100000 ~
b1100 3"
15
#7050000
05
#7055000
bx 6
bx :
b1 #"
0"
b0 ~
b1101 3"
15
#7060000
05
#7065000
b0 6
b0 :
b10 #"
1"
b1 ~
b1110 3"
15
#7070000
05
#7075000
bx 6
bx :
b1101 #"
b1000000000010 z
b0 x
0"
b10 ~
b1111 3"
15
#7080000
05
#7085000
b10000 6
b10000 :
b1110 #"
1"
b1000000000010 $
b1000000000010 !"
b1000000000010 w
b0 y
b1101 ~
b10000 3"
15
#7090000
05
#7095000
b0 6
b0 :
b1111 #"
b1000000000011 $
b1000000000011 !"
b1000000000011 w
b10000 x
1"
b1110 ~
b10001 3"
15
#7100000
05
#7105000
bx 6
bx :
b0 #"
b0 x
0"
b1111 ~
b10010 3"
15
#7110000
05
#7115000
b1 #"
b1000000000000 z
b0 ~
b10011 3"
15
#7120000
05
#7125000
b101 6
b101 :
b10 #"
1"
b1000000000000 $
b1000000000000 !"
b1000000000000 w
b1 ~
b10100 3"
15
#7130000
05
#7135000
bx 6
bx :
b100000 #"
b1000000000001 z
b101 x
0"
b10 ~
b10101 3"
15
#7140000
05
#7145000
b0 6
b0 :
b0 #"
1"
b1000000000001 $
b1000000000001 !"
b1000000000001 w
b101 y
b100000 ~
b10110 3"
15
#7150000
05
#7155000
bx 6
bx :
b1 #"
0"
b0 ~
b10111 3"
15
#7160000
05
#7165000
b0 6
b0 :
b10 #"
1"
b1 ~
b11000 3"
15
#7170000
05
#7175000
bx 6
bx :
b1101 #"
b1000000000010 z
b0 x
0"
b10 ~
b11001 3"
15
#7180000
05
#7185000
b10000 6
b10000 :
b1110 #"
1"
b1000000000010 $
b1000000000010 !"
b1000000000010 w
b0 y
b1101 ~
b11010 3"
15
#7190000
05
#7195000
b0 6
b0 :
b1111 #"
b1000000000011 $
b1000000000011 !"
b1000000000011 w
b10000 x
1"
b1110 ~
b11011 3"
15
#7200000
05
#7205000
bx 6
bx :
b0 #"
b0 x
0"
b1111 ~
b11100 3"
15
#7210000
05
#7215000
b1 #"
b1000000000000 z
b0 ~
b11101 3"
15
#7220000
05
#7225000
b101 6
b101 :
b10 #"
1"
b1000000000000 $
b1000000000000 !"
b1000000000000 w
b1 ~
b11110 3"
15
#7230000
05
#7235000
bx 6
bx :
b100000 #"
b1000000000001 z
b101 x
0"
b10 ~
b11111 3"
15
#7240000
05
#7245000
b0 6
b0 :
b0 #"
1"
b1000000000001 $
b1000000000001 !"
b1000000000001 w
b101 y
b100000 ~
b100000 3"
15
#7250000
05
#7255000
bx 6
bx :
b1 #"
0"
b0 ~
b100001 3"
15
#7260000
05
#7265000
b0 6
b0 :
b10 #"
1"
b1 ~
b100010 3"
15
#7270000
05
#7275000
bx 6
bx :
b1101 #"
b1000000000010 z
b0 x
0"
b10 ~
b100011 3"
15
#7280000
05
#7285000
b10000 6
b10000 :
b1110 #"
1"
b1000000000010 $
b1000000000010 !"
b1000000000010 w
b0 y
b1101 ~
b100100 3"
15
#7290000
05
#7295000
b0 6
b0 :
b1111 #"
b1000000000011 $
b1000000000011 !"
b1000000000011 w
b10000 x
1"
b1110 ~
b100101 3"
15
#7300000
05
#7305000
bx 6
bx :
b0 #"
b0 x
0"
b1111 ~
b100110 3"
15
#7310000
05
#7315000
b1 #"
b1000000000000 z
b0 ~
b100111 3"
15
#7320000
05
#7325000
b101 6
b101 :
b10 #"
1"
b1000000000000 $
b1000000000000 !"
b1000000000000 w
b1 ~
b101000 3"
15
#7330000
05
#7335000
bx 6
bx :
b100000 #"
b1000000000001 z
b101 x
0"
b10 ~
b101001 3"
15
#7340000
05
#7345000
b0 6
b0 :
b0 #"
1"
b1000000000001 $
b1000000000001 !"
b1000000000001 w
b101 y
b100000 ~
b101010 3"
15
#7350000
05
#7355000
bx 6
bx :
b1 #"
0"
b0 ~
b101011 3"
15
#7360000
05
#7365000
b0 6
b0 :
b10 #"
1"
b1 ~
b101100 3"
15
#7370000
05
#7375000
bx 6
bx :
b1101 #"
b1000000000010 z
b0 x
0"
b10 ~
b101101 3"
15
#7380000
05
#7385000
b10000 6
b10000 :
b1110 #"
1"
b1000000000010 $
b1000000000010 !"
b1000000000010 w
b0 y
b1101 ~
b101110 3"
15
#7390000
05
#7395000
b0 6
b0 :
b1111 #"
b1000000000011 $
b1000000000011 !"
b1000000000011 w
b10000 x
1"
b1110 ~
b101111 3"
15
#7400000
05
#7405000
bx 6
bx :
b0 #"
b0 x
0"
b1111 ~
b110000 3"
15
#7410000
05
#7415000
b1 #"
b1000000000000 z
b0 ~
b110001 3"
15
#7420000
05
#7425000
b101 6
b101 :
b10 #"
1"
b1000000000000 $
b1000000000000 !"
b1000000000000 w
b1 ~
b110010 3"
15
#7430000
05
#7435000
bx 6
bx :
b100000 #"
b1000000000001 z
b101 x
0"
b10 ~
b110011 3"
15
#7440000
05
#7445000
b0 6
b0 :
b0 #"
1"
b1000000000001 $
b1000000000001 !"
b1000000000001 w
b101 y
b100000 ~
b110100 3"
15
#7450000
05
#7455000
bx 6
bx :
b1 #"
0"
b0 ~
b110101 3"
15
#7460000
05
#7465000
b0 6
b0 :
b10 #"
1"
b1 ~
b110110 3"
15
#7470000
05
#7475000
bx 6
bx :
b1101 #"
b1000000000010 z
b0 x
0"
b10 ~
b110111 3"
15
#7480000
05
#7485000
b10000 6
b10000 :
b1110 #"
1"
b1000000000010 $
b1000000000010 !"
b1000000000010 w
b0 y
b1101 ~
b111000 3"
15
#7490000
05
#7495000
b0 6
b0 :
b1111 #"
b1000000000011 $
b1000000000011 !"
b1000000000011 w
b10000 x
1"
b1110 ~
b111001 3"
15
#7500000
05
#7505000
bx 6
bx :
b0 #"
b0 x
0"
b1111 ~
b111010 3"
15
#7510000
05
#7515000
b1 #"
b1000000000000 z
b0 ~
b111011 3"
15
#7520000
05
#7525000
b0 $
b0 !"
b0 |
b0 w
b0 z
b100000000 2"
17
b1100 8
b100101001010101010011010101000000100000001000000010000000100000 ,"
b10011001 +"
b111100 3"
15
#7530000
05
#7535000
15
#7540000
05
#7545000
b1011 6
b1011 :
b10 #"
1"
b1 ~
b0 3"
b1000110 4"
07
15
#7550000
05
#7555000
bx 6
bx :
b100000 #"
b1 z
b1011 x
0"
b10 ~
b1 3"
15
#7560000
05
#7565000
b110 6
b110 :
b0 #"
1"
b1 $
b1 !"
b1 w
b1011 y
b100000 ~
b10 3"
15
#7570000
05
#7575000
bx 6
bx :
b1 #"
0"
b0 ~
b11 3"
15
#7580000
05
#7585000
b110 6
b110 :
b10 #"
1"
b1 ~
b100 3"
15
#7590000
05
#7595000
bx 6
bx :
b11001 #"
b10 z
b110 x
0"
b10 ~
b101 3"
15
#7600000
05
#7605000
b0 6
b0 :
b0 #"
1&"
1"
b10 $
b10 !"
b10 w
b110 y
1B
b11001 ~
b110 3"
15
#7610000
05
#7615000
bx 6
bx :
b1 #"
0&"
1}
0"
0B
b0 ~
b111 3"
15
#7620000
05
#7625000
b0 6
b0 :
b10 #"
1"
b1 ~
b1000 3"
15
#7630000
05
#7635000
bx 6
bx :
b10000 #"
b11 z
b0 x
0"
b10 ~
b1001 3"
15
#7640000
05
#7645000
b100000 6
b100000 :
b10001 #"
1"
b11 $
b11 !"
b11 w
b0 y
b10000 ~
b1010 3"
15
#7650000
05
#7655000
b0 6
b0 :
b10010 #"
b100 $
b100 !"
b100 w
b100000 x
1"
b10001 ~
b1011 3"
15
#7660000
05
#7665000
bx 6
bx :
b0 #"
b0 x
b100000 |
0"
b10010 ~
b1100 3"
15
#7670000
05
#7675000
b1 #"
b10000000000000 z
b0 ~
b1101 3"
15
#7680000
05
#7685000
b1011 6
b1011 :
b10 #"
1"
b10000000000000 $
b10000000000000 !"
b10000000000000 w
b1 ~
b1110 3"
15
#7690000
05
#7695000
bx 6
bx :
b100000 #"
b10000000000001 z
b1011 x
0"
b10 ~
b1111 3"
15
#7700000
05
#7705000
b110 6
b110 :
b0 #"
1"
b10000000000001 $
b10000000000001 !"
b10000000000001 w
b1011 y
b100000 ~
b10000 3"
15
#7710000
05
#7715000
bx 6
bx :
b1 #"
0"
b0 ~
b10001 3"
15
#7720000
05
#7725000
b110 6
b110 :
b10 #"
1"
b1 ~
b10010 3"
15
#7730000
05
#7735000
bx 6
bx :
b11001 #"
b10000000000010 z
b110 x
0"
b10 ~
b10011 3"
15
#7740000
05
#7745000
b0 6
b0 :
b0 #"
1&"
1"
b10000000000010 $
b10000000000010 !"
b10000000000010 w
b110 y
1B
b11001 ~
b10100 3"
15
#7750000
05
#7755000
bx 6
bx :
b1 #"
0&"
0"
0B
b0 ~
b10101 3"
15
#7760000
05
#7765000
b0 6
b0 :
b10 #"
1"
b1 ~
b10110 3"
15
#7770000
05
#7775000
bx 6
bx :
b10000 #"
b10000000000011 z
b0 x
0"
b10 ~
b10111 3"
15
#7780000
05
#7785000
b100000 6
b100000 :
b10001 #"
1"
b10000000000011 $
b10000000000011 !"
b10000000000011 w
b0 y
b10000 ~
b11000 3"
15
#7790000
05
#7795000
b0 6
b0 :
b10010 #"
b10000000000100 $
b10000000000100 !"
b10000000000100 w
b100000 x
1"
b10001 ~
b11001 3"
15
#7800000
05
#7805000
bx 6
bx :
b0 #"
b0 x
0"
b10010 ~
b11010 3"
15
#7810000
05
#7815000
b1 #"
b10000000000000 z
b0 ~
b11011 3"
15
#7820000
05
#7825000
b1011 6
b1011 :
b10 #"
1"
b10000000000000 $
b10000000000000 !"
b10000000000000 w
b1 ~
b11100 3"
15
#7830000
05
#7835000
bx 6
bx :
b100000 #"
b10000000000001 z
b1011 x
0"
b10 ~
b11101 3"
15
#7840000
05
#7845000
b110 6
b110 :
b0 #"
1"
b10000000000001 $
b10000000000001 !"
b10000000000001 w
b1011 y
b100000 ~
b11110 3"
15
#7850000
05
#7855000
bx 6
bx :
b1 #"
0"
b0 ~
b11111 3"
15
#7860000
05
#7865000
b110 6
b110 :
b10 #"
1"
b1 ~
b100000 3"
15
#7870000
05
#7875000
bx 6
bx :
b11001 #"
b10000000000010 z
b110 x
0"
b10 ~
b100001 3"
15
#7880000
05
#7885000
b0 6
b0 :
b0 #"
1&"
1"
b10000000000010 $
b10000000000010 !"
b10000000000010 w
b110 y
1B
b11001 ~
b100010 3"
15
#7890000
05
#7895000
bx 6
bx :
b1 #"
0&"
0"
0B
b0 ~
b100011 3"
15
#7900000
05
#7905000
b0 6
b0 :
b10 #"
1"
b1 ~
b100100 3"
15
#7910000
05
#7915000
bx 6
bx :
b10000 #"
b10000000000011 z
b0 x
0"
b10 ~
b100101 3"
15
#7920000
05
#7925000
b100000 6
b100000 :
b10001 #"
1"
b10000000000011 $
b10000000000011 !"
b10000000000011 w
b0 y
b10000 ~
b100110 3"
15
#7930000
05
#7935000
b0 6
b0 :
b10010 #"
b10000000000100 $
b10000000000100 !"
b10000000000100 w
b100000 x
1"
b10001 ~
b100111 3"
15
#7940000
05
#7945000
bx 6
bx :
b0 #"
b0 x
0"
b10010 ~
b101000 3"
15
#7950000
05
#7955000
b1 #"
b10000000000000 z
b0 ~
b101001 3"
15
#7960000
05
#7965000
b1011 6
b1011 :
b10 #"
1"
b10000000000000 $
b10000000000000 !"
b10000000000000 w
b1 ~
b101010 3"
15
#7970000
05
#7975000
bx 6
bx :
b100000 #"
b10000000000001 z
b1011 x
0"
b10 ~
b101011 3"
15
#7980000
05
#7985000
b110 6
b110 :
b0 #"
1"
b10000000000001 $
b10000000000001 !"
b10000000000001 w
b1011 y
b100000 ~
b101100 3"
15
#7990000
05
#7995000
bx 6
bx :
b1 #"
0"
b0 ~
b101101 3"
15
#8000000
05
#8005000
b110 6
b110 :
b10 #"
1"
b1 ~
b101110 3"
15
#8010000
05
#8015000
bx 6
bx :
b11001 #"
b10000000000010 z
b110 x
0"
b10 ~
b101111 3"
15
#8020000
05
#8025000
b0 6
b0 :
b0 #"
1&"
1"
b10000000000010 $
b10000000000010 !"
b10000000000010 w
b110 y
1B
b11001 ~
b110000 3"
15
#8030000
05
#8035000
bx 6
bx :
b1 #"
0&"
0"
0B
b0 ~
b110001 3"
15
#8040000
05
#8045000
b0 6
b0 :
b10 #"
1"
b1 ~
b110010 3"
15
#8050000
05
#8055000
bx 6
bx :
b10000 #"
b10000000000011 z
b0 x
0"
b10 ~
b110011 3"
15
#8060000
05
#8065000
b100000 6
b100000 :
b10001 #"
1"
b10000000000011 $
b10000000000011 !"
b10000000000011 w
b0 y
b10000 ~
b110100 3"
15
#8070000
05
#8075000
b0 6
b0 :
b10010 #"
b10000000000100 $
b10000000000100 !"
b10000000000100 w
b100000 x
1"
b10001 ~
b110101 3"
15
#8080000
05
#8085000
bx 6
bx :
b0 #"
b0 x
0"
b10010 ~
b110110 3"
15
#8090000
05
#8095000
b1 #"
b10000000000000 z
b0 ~
b110111 3"
15
#8100000
05
#8105000
b1011 6
b1011 :
b10 #"
1"
b10000000000000 $
b10000000000000 !"
b10000000000000 w
b1 ~
b111000 3"
15
#8110000
05
#8115000
bx 6
bx :
b100000 #"
b10000000000001 z
b1011 x
0"
b10 ~
b111001 3"
15
#8120000
05
#8125000
b110 6
b110 :
b0 #"
1"
b10000000000001 $
b10000000000001 !"
b10000000000001 w
b1011 y
b100000 ~
b111010 3"
15
#8130000
05
#8135000
bx 6
bx :
b1 #"
0"
b0 ~
b111011 3"
15
#8140000
05
#8145000
b110 6
b110 :
b10 #"
1"
b1 ~
b111100 3"
15
#8150000
05
#8155000
bx 6
bx :
b11001 #"
b10000000000010 z
b110 x
0"
b10 ~
b111101 3"
15
#8160000
05
#8165000
b0 6
b0 :
b0 #"
1&"
1"
b10000000000010 $
b10000000000010 !"
b10000000000010 w
b110 y
1B
b11001 ~
b111110 3"
15
#8170000
05
#8175000
bx 6
bx :
b1 #"
0&"
0"
0B
b0 ~
b111111 3"
15
#8180000
05
#8185000
b0 6
b0 :
b10 #"
1"
b1 ~
b1000000 3"
15
#8190000
05
#8195000
bx 6
bx :
b10000 #"
b10000000000011 z
b0 x
0"
b10 ~
b1000001 3"
15
#8200000
05
#8205000
b100000 6
b100000 :
b10001 #"
1"
b10000000000011 $
b10000000000011 !"
b10000000000011 w
b0 y
b10000 ~
b1000010 3"
15
#8210000
05
#8215000
b0 6
b0 :
b10010 #"
b10000000000100 $
b10000000000100 !"
b10000000000100 w
b100000 x
1"
b10001 ~
b1000011 3"
15
#8220000
05
#8225000
bx 6
bx :
b0 #"
b0 x
0"
b10010 ~
b1000100 3"
15
#8230000
05
#8235000
b1 #"
b10000000000000 z
b0 ~
b1000101 3"
15
#8240000
05
#8245000
b0 $
b0 !"
0}
b0 |
b0 w
b0 z
b100000000 2"
17
b1101 8
b100101001001101010100000101101000101101010101000010000000100000 ,"
b10111011 +"
b1000110 3"
15
#8250000
05
#8255000
15
#8260000
05
#8265000
b1 6
b1 :
b10 #"
1"
b1 ~
b0 3"
b1010000 4"
07
15
#8270000
05
#8275000
bx 6
bx :
b100000 #"
b1 z
b1 x
0"
b10 ~
b1 3"
15
#8280000
05
#8285000
b0 6
b0 :
b0 #"
1"
b1 $
b1 !"
b1 w
b1 y
b100000 ~
b10 3"
15
#8290000
05
#8295000
bx 6
bx :
b1 #"
0"
b0 ~
b11 3"
15
#8300000
05
#8305000
b0 6
b0 :
b10 #"
1"
b1 ~
b100 3"
15
#8310000
05
#8315000
bx 6
bx :
b11 #"
b10 z
b0 x
0"
b10 ~
b101 3"
15
#8320000
05
#8325000
b11010001 6
b11010001 :
b100 #"
1"
b10 $
b10 !"
b10 w
b0 y
b11 ~
b110 3"
15
#8330000
05
#8335000
b1010 6
b1010 :
b101 #"
b11 $
b11 !"
b11 w
b11 z
b11010001 x
1"
b100 ~
b111 3"
15
#8340000
05
#8345000
bx 6
bx :
b110 #"
b100 z
b1010 x
b11010001 |
0"
b101 ~
b1000 3"
15
#8350000
05
#8355000
b0 6
b0 :
b111 #"
1"
b1101000100001010 $
b1101000100001010 !"
b1101000100001010 w
b110 ~
b1001 3"
15
#8360000
05
#8365000
bx 6
bx :
b0 #"
b0 x
0"
b111 ~
b1010 3"
15
#8370000
05
#8375000
b1 #"
b0 ~
b1011 3"
15
#8380000
05
#8385000
b111 6
b111 :
b10 #"
1"
b100 $
b100 !"
b100 w
b1 ~
b1100 3"
15
#8390000
05
#8395000
bx 6
bx :
b100000 #"
b101 z
b111 x
0"
b10 ~
b1101 3"
15
#8400000
05
#8405000
b0 6
b0 :
b0 #"
1"
b101 $
b101 !"
b101 w
b111 y
b100000 ~
b1110 3"
15
#8410000
05
#8415000
bx 6
bx :
b1 #"
0"
b0 ~
b1111 3"
15
#8420000
05
#8425000
b0 6
b0 :
b10 #"
1"
b1 ~
b10000 3"
15
#8430000
05
#8435000
bx 6
bx :
b10011 #"
b110 z
b0 x
0"
b10 ~
b10001 3"
15
#8440000
05
#8445000
b110000 6
b110000 :
b10100 #"
1"
b110 $
b110 !"
b110 w
b0 y
b10011 ~
b10010 3"
15
#8450000
05
#8455000
b0 6
b0 :
b10101 #"
b111 $
b111 !"
b111 w
b110000 x
1"
b10100 ~
b10011 3"
15
#8460000
05
#8465000
bx 6
bx :
b0 #"
b0 x
b110000 |
0"
b10101 ~
b10100 3"
15
#8470000
05
#8475000
b1 #"
b11000000000000 z
b0 ~
b10101 3"
15
#8480000
05
#8485000
b1 6
b1 :
b10 #"
1"
b11000000000000 $
b11000000000000 !"
b11000000000000 w
b1 ~
b10110 3"
15
#8490000
05
#8495000
bx 6
bx :
b100000 #"
b11000000000001 z
b1 x
0"
b10 ~
b10111 3"
15
#8500000
05
#8505000
b0 6
b0 :
b0 #"
1"
b11000000000001 $
b11000000000001 !"
b11000000000001 w
b1 y
b100000 ~
b11000 3"
15
#8510000
05
#8515000
bx 6
bx :
b1 #"
0"
b0 ~
b11001 3"
15
#8520000
05
#8525000
b0 6
b0 :
b10 #"
1"
b1 ~
b11010 3"
15
#8530000
05
#8535000
bx 6
bx :
b11 #"
b11000000000010 z
b0 x
0"
b10 ~
b11011 3"
15
#8540000
05
#8545000
b11010001 6
b11010001 :
b100 #"
1"
b11000000000010 $
b11000000000010 !"
b11000000000010 w
b0 y
b11 ~
b11100 3"
15
#8550000
05
#8555000
b1010 6
b1010 :
b101 #"
b11000000000011 $
b11000000000011 !"
b11000000000011 w
b11000000000011 z
b11010001 x
1"
b100 ~
b11101 3"
15
#8560000
05
#8565000
bx 6
bx :
b110 #"
b11000000000100 z
b1010 x
b11010001 |
0"
b101 ~
b11110 3"
15
#8570000
05
#8575000
b0 6
b0 :
b111 #"
1"
b1101000100001010 $
b1101000100001010 !"
b1101000100001010 w
b110 ~
b11111 3"
15
#8580000
05
#8585000
bx 6
bx :
b0 #"
b0 x
0"
b111 ~
b100000 3"
15
#8590000
05
#8595000
b1 #"
b0 ~
b100001 3"
15
#8600000
05
#8605000
b111 6
b111 :
b10 #"
1"
b11000000000100 $
b11000000000100 !"
b11000000000100 w
b1 ~
b100010 3"
15
#8610000
05
#8615000
bx 6
bx :
b100000 #"
b11000000000101 z
b111 x
0"
b10 ~
b100011 3"
15
#8620000
05
#8625000
b0 6
b0 :
b0 #"
1"
b11000000000101 $
b11000000000101 !"
b11000000000101 w
b111 y
b100000 ~
b100100 3"
15
#8630000
05
#8635000
bx 6
bx :
b1 #"
0"
b0 ~
b100101 3"
15
#8640000
05
#8645000
b0 6
b0 :
b10 #"
1"
b1 ~
b100110 3"
15
#8650000
05
#8655000
bx 6
bx :
b10011 #"
b11000000000110 z
b0 x
0"
b10 ~
b100111 3"
15
#8660000
05
#8665000
b110000 6
b110000 :
b10100 #"
1"
b11000000000110 $
b11000000000110 !"
b11000000000110 w
b0 y
b10011 ~
b101000 3"
15
#8670000
05
#8675000
b0 6
b0 :
b10101 #"
b11000000000111 $
b11000000000111 !"
b11000000000111 w
b110000 x
1"
b10100 ~
b101001 3"
15
#8680000
05
#8685000
bx 6
bx :
b0 #"
b0 x
b110000 |
0"
b10101 ~
b101010 3"
15
#8690000
05
#8695000
b1 #"
b11000000000000 z
b0 ~
b101011 3"
15
#8700000
05
#8705000
b1 6
b1 :
b10 #"
1"
b11000000000000 $
b11000000000000 !"
b11000000000000 w
b1 ~
b101100 3"
15
#8710000
05
#8715000
bx 6
bx :
b100000 #"
b11000000000001 z
b1 x
0"
b10 ~
b101101 3"
15
#8720000
05
#8725000
b0 6
b0 :
b0 #"
1"
b11000000000001 $
b11000000000001 !"
b11000000000001 w
b1 y
b100000 ~
b101110 3"
15
#8730000
05
#8735000
bx 6
bx :
b1 #"
0"
b0 ~
b101111 3"
15
#8740000
05
#8745000
b0 6
b0 :
b10 #"
1"
b1 ~
b110000 3"
15
#8750000
05
#8755000
bx 6
bx :
b11 #"
b11000000000010 z
b0 x
0"
b10 ~
b110001 3"
15
#8760000
05
#8765000
b11010001 6
b11010001 :
b100 #"
1"
b11000000000010 $
b11000000000010 !"
b11000000000010 w
b0 y
b11 ~
b110010 3"
15
#8770000
05
#8775000
b1010 6
b1010 :
b101 #"
b11000000000011 $
b11000000000011 !"
b11000000000011 w
b11000000000011 z
b11010001 x
1"
b100 ~
b110011 3"
15
#8780000
05
#8785000
bx 6
bx :
b110 #"
b11000000000100 z
b1010 x
b11010001 |
0"
b101 ~
b110100 3"
15
#8790000
05
#8795000
b0 6
b0 :
b111 #"
1"
b1101000100001010 $
b1101000100001010 !"
b1101000100001010 w
b110 ~
b110101 3"
15
#8800000
05
#8805000
bx 6
bx :
b0 #"
b0 x
0"
b111 ~
b110110 3"
15
#8810000
05
#8815000
b1 #"
b0 ~
b110111 3"
15
#8820000
05
#8825000
b111 6
b111 :
b10 #"
1"
b11000000000100 $
b11000000000100 !"
b11000000000100 w
b1 ~
b111000 3"
15
#8830000
05
#8835000
bx 6
bx :
b100000 #"
b11000000000101 z
b111 x
0"
b10 ~
b111001 3"
15
#8840000
05
#8845000
b0 6
b0 :
b0 #"
1"
b11000000000101 $
b11000000000101 !"
b11000000000101 w
b111 y
b100000 ~
b111010 3"
15
#8850000
05
#8855000
bx 6
bx :
b1 #"
0"
b0 ~
b111011 3"
15
#8860000
05
#8865000
b0 6
b0 :
b10 #"
1"
b1 ~
b111100 3"
15
#8870000
05
#8875000
bx 6
bx :
b10011 #"
b11000000000110 z
b0 x
0"
b10 ~
b111101 3"
15
#8880000
05
#8885000
b110000 6
b110000 :
b10100 #"
1"
b11000000000110 $
b11000000000110 !"
b11000000000110 w
b0 y
b10011 ~
b111110 3"
15
#8890000
05
#8895000
b0 6
b0 :
b10101 #"
b11000000000111 $
b11000000000111 !"
b11000000000111 w
b110000 x
1"
b10100 ~
b111111 3"
15
#8900000
05
#8905000
bx 6
bx :
b0 #"
b0 x
b110000 |
0"
b10101 ~
b1000000 3"
15
#8910000
05
#8915000
b1 #"
b11000000000000 z
b0 ~
b1000001 3"
15
#8920000
05
#8925000
b1 6
b1 :
b10 #"
1"
b11000000000000 $
b11000000000000 !"
b11000000000000 w
b1 ~
b1000010 3"
15
#8930000
05
#8935000
bx 6
bx :
b100000 #"
b11000000000001 z
b1 x
0"
b10 ~
b1000011 3"
15
#8940000
05
#8945000
b0 6
b0 :
b0 #"
1"
b11000000000001 $
b11000000000001 !"
b11000000000001 w
b1 y
b100000 ~
b1000100 3"
15
#8950000
05
#8955000
bx 6
bx :
b1 #"
0"
b0 ~
b1000101 3"
15
#8960000
05
#8965000
b0 6
b0 :
b10 #"
1"
b1 ~
b1000110 3"
15
#8970000
05
#8975000
bx 6
bx :
b11 #"
b11000000000010 z
b0 x
0"
b10 ~
b1000111 3"
15
#8980000
05
#8985000
b11010001 6
b11010001 :
b100 #"
1"
b11000000000010 $
b11000000000010 !"
b11000000000010 w
b0 y
b11 ~
b1001000 3"
15
#8990000
05
#8995000
b1010 6
b1010 :
b101 #"
b11000000000011 $
b11000000000011 !"
b11000000000011 w
b11000000000011 z
b11010001 x
1"
b100 ~
b1001001 3"
15
#9000000
05
#9005000
bx 6
bx :
b110 #"
b11000000000100 z
b1010 x
b11010001 |
0"
b101 ~
b1001010 3"
15
#9010000
05
#9015000
b0 6
b0 :
b111 #"
1"
b1101000100001010 $
b1101000100001010 !"
b1101000100001010 w
b110 ~
b1001011 3"
15
#9020000
05
#9025000
bx 6
bx :
b0 #"
b0 x
0"
b111 ~
b1001100 3"
15
#9030000
05
#9035000
b1 #"
b0 ~
b1001101 3"
15
#9040000
05
#9045000
b111 6
b111 :
b10 #"
1"
b11000000000100 $
b11000000000100 !"
b11000000000100 w
b1 ~
b1001110 3"
15
#9050000
05
#9055000
bx 6
bx :
b100000 #"
b11000000000101 z
b111 x
0"
b10 ~
b1001111 3"
15
#9060000
05
#9065000
b1 #"
b0 $
b0 !"
b0 |
b0 x
b0 w
b0 z
b0 ~
b100000000 2"
17
b1110 8
b100101001010000010011100101101000101101010101000010000000100000 ,"
b11001100 +"
b1010000 3"
15
#9070000
05
#9075000
15
#9080000
05
#9085000
b1 6
b1 :
b10 #"
1"
b1 ~
b0 3"
b1100100000 4"
07
15
#9090000
05
#9095000
bx 6
bx :
b100000 #"
b1 z
b1 x
0"
b10 ~
b1 3"
15
#9100000
05
#9105000
b0 6
b0 :
b0 #"
1"
b1 $
b1 !"
b1 w
b1 y
b100000 ~
b10 3"
15
#9110000
05
#9115000
bx 6
bx :
b1 #"
0"
b0 ~
b11 3"
15
#9120000
05
#9125000
b0 6
b0 :
b10 #"
1"
b1 ~
b100 3"
15
#9130000
05
#9135000
bx 6
bx :
b11 #"
b10 z
b0 x
0"
b10 ~
b101 3"
15
#9140000
05
#9145000
b11110000 6
b11110000 :
b100 #"
1"
b10 $
b10 !"
b10 w
b0 y
b11 ~
b110 3"
15
#9150000
05
#9155000
b10 6
b10 :
b101 #"
b11 $
b11 !"
b11 w
b11 z
b11110000 x
1"
b100 ~
b111 3"
15
#9160000
05
#9165000
bx 6
bx :
b110 #"
b100 z
b10 x
b11110000 |
0"
b101 ~
b1000 3"
15
#9170000
05
#9175000
b11110000 6
b11110000 :
b111 #"
1"
b1111000000000010 $
b1111000000000010 !"
b1111000000000010 w
b110 ~
b1001 3"
15
#9180000
05
#9185000
bx 6
bx :
b0 #"
b11110000 x
0"
b111 ~
b1010 3"
15
#9190000
05
#9195000
0;
b11110000 >
b11110000 *"
b1 #"
b11110000 v
b11110000 $"
b0 ~
b1011 3"
15
#9200000
05
#9205000
b0 6
b0 :
b10 #"
1"
b100 $
b100 !"
b100 w
b1 ~
b1100 3"
15
#9210000
05
#9215000
bx 6
bx :
b100000 #"
b101 z
b0 x
0"
b10 ~
b1101 3"
15
#9220000
05
#9225000
b11110000 6
b11110000 :
b0 #"
1"
b101 $
b101 !"
b101 w
b100000 ~
b1110 3"
15
#9230000
05
#9235000
bx 6
bx :
b1 #"
0"
b0 ~
b1111 3"
15
#9240000
05
#9245000
b11110000 6
b11110000 :
b10 #"
1"
b1 ~
b10000 3"
15
#9250000
05
#9255000
bx 6
bx :
b100000 #"
b110 z
b11110000 x
0"
b10 ~
b10001 3"
15
#9260000
05
#9265000
b1010 6
b1010 :
b0 #"
1"
b110 $
b110 !"
b110 w
b11110000 y
b100000 ~
b10010 3"
15
#9270000
05
#9275000
bx 6
bx :
b1 #"
0"
b0 ~
b10011 3"
15
#9280000
05
#9285000
b1010 6
b1010 :
b10 #"
1"
b1 ~
b10100 3"
15
#9290000
05
#9295000
bx 6
bx :
b100000 #"
b111 z
b1010 x
0"
b10 ~
b10101 3"
15
#9300000
05
#9305000
b11 6
b11 :
b0 #"
1"
b111 $
b111 !"
b111 w
b1010 y
b100000 ~
b10110 3"
15
#9310000
05
#9315000
bx 6
bx :
b1 #"
0"
b0 ~
b10111 3"
15
#9320000
05
#9325000
b11 6
b11 :
b10 #"
1"
b1 ~
b11000 3"
15
#9330000
05
#9335000
bx 6
bx :
b11000 #"
b1000 z
b11 x
0"
b10 ~
b11001 3"
15
#9340000
05
#9345000
b11110001 >
b11110001 *"
b11110001 )"
1&"
b1 6
b1 :
b0 #"
1"
b1000 $
b1000 !"
b1000 w
b11 y
1A
b11000 ~
b11010 3"
15
#9350000
05
#9355000
b0 )"
0&"
bx 6
bx :
b1 #"
b11110001 v
b11110001 $"
0"
0A
b0 ~
b11011 3"
15
#9360000
05
#9365000
b1 6
b1 :
b10 #"
1"
b1 ~
b11100 3"
15
#9370000
05
#9375000
bx 6
bx :
b11110 #"
b1001 z
b1 x
0"
b10 ~
b11101 3"
15
#9380000
05
#9385000
b0 6
b0 :
b0 #"
1"
b1001 $
b1001 !"
b1001 w
b1 y
b11110 ~
b11110 3"
15
#9390000
05
#9395000
bx 6
bx :
b1 #"
b11110001 {
b11110001 %"
0"
b0 ~
b11111 3"
15
#9400000
05
#9405000
b0 6
b0 :
b10 #"
1"
b1 ~
b100000 3"
15
#9410000
05
#9415000
bx 6
bx :
b11 #"
b1010 z
b0 x
0"
b10 ~
b100001 3"
15
#9420000
05
#9425000
b11110001 6
b11110001 :
b100 #"
1"
b1010 $
b1010 !"
b1010 w
b0 y
b11 ~
b100010 3"
15
#9430000
05
#9435000
b1001 6
b1001 :
b101 #"
b1011 $
b1011 !"
b1011 w
b1011 z
b11110001 x
1"
b100 ~
b100011 3"
15
#9440000
05
#9445000
bx 6
bx :
b110 #"
b1100 z
b1001 x
b11110001 |
0"
b101 ~
b100100 3"
15
#9450000
05
#9455000
b0 6
b0 :
b111 #"
1"
b1111000100001001 $
b1111000100001001 !"
b1111000100001001 w
b110 ~
b100101 3"
15
#9460000
05
#9465000
bx 6
bx :
b0 #"
b0 x
0"
b111 ~
b100110 3"
15
#9470000
05
#9475000
1;
b0 >
b0 *"
b1 #"
b0 v
b0 $"
b0 ~
b100111 3"
15
#9480000
05
#9485000
b110 6
b110 :
b10 #"
1"
b1100 $
b1100 !"
b1100 w
b1 ~
b101000 3"
15
#9490000
05
#9495000
bx 6
bx :
b100000 #"
b1101 z
b110 x
0"
b10 ~
b101001 3"
15
#9500000
05
#9505000
b0 6
b0 :
b0 #"
1"
b1101 $
b1101 !"
b1101 w
b110 y
b100000 ~
b101010 3"
15
#9510000
05
#9515000
bx 6
bx :
b1 #"
0"
b0 ~
b101011 3"
15
#9520000
05
#9525000
b0 6
b0 :
b10 #"
1"
b1 ~
b101100 3"
15
#9530000
05
#9535000
bx 6
bx :
b10000 #"
b1110 z
b0 x
0"
b10 ~
b101101 3"
15
#9540000
05
#9545000
b11110010 6
b11110010 :
b10001 #"
1"
b1110 $
b1110 !"
b1110 w
b0 y
b10000 ~
b101110 3"
15
#9550000
05
#9555000
b100 6
b100 :
b10010 #"
b1111 $
b1111 !"
b1111 w
b11110010 x
1"
b10001 ~
b101111 3"
15
#9560000
05
#9565000
bx 6
bx :
b0 #"
b100 x
b11110010 |
0"
b10010 ~
b110000 3"
15
#9570000
05
#9575000
b1 #"
b1111001000000100 z
b0 ~
b110001 3"
15
#9580000
05
#9585000
b0 6
b0 :
b10 #"
1"
b1111001000000100 $
b1111001000000100 !"
b1111001000000100 w
b1 ~
b110010 3"
15
#9590000
05
#9595000
bx 6
bx :
b100000 #"
b1111001000000101 z
b0 x
0"
b10 ~
b110011 3"
15
#9600000
05
#9605000
b11110000 6
b11110000 :
b0 #"
1"
b1111001000000101 $
b1111001000000101 !"
b1111001000000101 w
b100000 ~
b110100 3"
15
#9610000
05
#9615000
bx 6
bx :
b1 #"
0"
b0 ~
b110101 3"
15
#9620000
05
#9625000
b11110000 6
b11110000 :
b10 #"
1"
b1 ~
b110110 3"
15
#9630000
05
#9635000
bx 6
bx :
b100000 #"
b1111001000000110 z
b11110000 x
0"
b10 ~
b110111 3"
15
#9640000
05
#9645000
b1010 6
b1010 :
b0 #"
1"
b1111001000000110 $
b1111001000000110 !"
b1111001000000110 w
b11110000 y
b100000 ~
b111000 3"
15
#9650000
05
#9655000
bx 6
bx :
b1 #"
0"
b0 ~
b111001 3"
15
#9660000
05
#9665000
b1010 6
b1010 :
b10 #"
1"
b1 ~
b111010 3"
15
#9670000
05
#9675000
bx 6
bx :
b100000 #"
b1111001000000111 z
b1010 x
0"
b10 ~
b111011 3"
15
#9680000
05
#9685000
b11 6
b11 :
b0 #"
1"
b1111001000000111 $
b1111001000000111 !"
b1111001000000111 w
b1010 y
b100000 ~
b111100 3"
15
#9690000
05
#9695000
bx 6
bx :
b1 #"
0"
b0 ~
b111101 3"
15
#9700000
05
#9705000
b11 6
b11 :
b10 #"
1"
b1 ~
b111110 3"
15
#9710000
05
#9715000
bx 6
bx :
b11000 #"
b1111001000001000 z
b11 x
0"
b10 ~
b111111 3"
15
#9720000
05
#9725000
0;
b1 >
b1 *"
b1 )"
1&"
b1 6
b1 :
b0 #"
1"
b1111001000001000 $
b1111001000001000 !"
b1111001000001000 w
b11 y
1A
b11000 ~
b1000000 3"
15
#9730000
05
#9735000
b0 )"
0&"
bx 6
bx :
b1 #"
b1 v
b1 $"
0"
0A
b0 ~
b1000001 3"
15
#9740000
05
#9745000
b1 6
b1 :
b10 #"
1"
b1 ~
b1000010 3"
15
#9750000
05
#9755000
bx 6
bx :
b11110 #"
b1111001000001001 z
b1 x
0"
b10 ~
b1000011 3"
15
#9760000
05
#9765000
b0 6
b0 :
b0 #"
1"
b1111001000001001 $
b1111001000001001 !"
b1111001000001001 w
b1 y
b11110 ~
b1000100 3"
15
#9770000
05
#9775000
bx 6
bx :
b1 #"
b1 {
b1 %"
0"
b0 ~
b1000101 3"
15
#9780000
05
#9785000
b0 6
b0 :
b10 #"
1"
b1 ~
b1000110 3"
15
#9790000
05
#9795000
bx 6
bx :
b11 #"
b1111001000001010 z
b0 x
0"
b10 ~
b1000111 3"
15
#9800000
05
#9805000
b11110001 6
b11110001 :
b100 #"
1"
b1111001000001010 $
b1111001000001010 !"
b1111001000001010 w
b0 y
b11 ~
b1001000 3"
15
#9810000
05
#9815000
b1001 6
b1001 :
b101 #"
b1111001000001011 $
b1111001000001011 !"
b1111001000001011 w
b1111001000001011 z
b11110001 x
1"
b100 ~
b1001001 3"
15
#9820000
05
#9825000
bx 6
bx :
b110 #"
b1111001000001100 z
b1001 x
b11110001 |
0"
b101 ~
b1001010 3"
15
#9830000
05
#9835000
b0 6
b0 :
b111 #"
1"
b1111000100001001 $
b1111000100001001 !"
b1111000100001001 w
b110 ~
b1001011 3"
15
#9840000
05
#9845000
bx 6
bx :
b0 #"
b0 x
0"
b111 ~
b1001100 3"
15
#9850000
05
#9855000
1;
b0 >
b0 *"
b1 #"
b0 v
b0 $"
b0 ~
b1001101 3"
15
#9860000
05
#9865000
b110 6
b110 :
b10 #"
1"
b1111001000001100 $
b1111001000001100 !"
b1111001000001100 w
b1 ~
b1001110 3"
15
#9870000
05
#9875000
bx 6
bx :
b100000 #"
b1111001000001101 z
b110 x
0"
b10 ~
b1001111 3"
15
#9880000
05
#9885000
b0 6
b0 :
b0 #"
1"
b1111001000001101 $
b1111001000001101 !"
b1111001000001101 w
b110 y
b100000 ~
b1010000 3"
15
#9890000
05
#9895000
bx 6
bx :
b1 #"
0"
b0 ~
b1010001 3"
15
#9900000
05
#9905000
b0 6
b0 :
b10 #"
1"
b1 ~
b1010010 3"
15
#9910000
05
#9915000
bx 6
bx :
b10000 #"
b1111001000001110 z
b0 x
0"
b10 ~
b1010011 3"
15
#9920000
05
#9925000
b11110010 6
b11110010 :
b10001 #"
1"
b1111001000001110 $
b1111001000001110 !"
b1111001000001110 w
b0 y
b10000 ~
b1010100 3"
15
#9930000
05
#9935000
b100 6
b100 :
b10010 #"
b1111001000001111 $
b1111001000001111 !"
b1111001000001111 w
b11110010 x
1"
b10001 ~
b1010101 3"
15
#9940000
05
#9945000
bx 6
bx :
b0 #"
b100 x
b11110010 |
0"
b10010 ~
b1010110 3"
15
#9950000
05
#9955000
b1 #"
b1111001000000100 z
b0 ~
b1010111 3"
15
#9960000
05
#9965000
b0 6
b0 :
b10 #"
1"
b1111001000000100 $
b1111001000000100 !"
b1111001000000100 w
b1 ~
b1011000 3"
15
#9970000
05
#9975000
bx 6
bx :
b100000 #"
b1111001000000101 z
b0 x
0"
b10 ~
b1011001 3"
15
#9980000
05
#9985000
b11110000 6
b11110000 :
b0 #"
1"
b1111001000000101 $
b1111001000000101 !"
b1111001000000101 w
b100000 ~
b1011010 3"
15
#9990000
05
#9995000
bx 6
bx :
b1 #"
0"
b0 ~
b1011011 3"
15
#10000000
05
#10005000
b11110000 6
b11110000 :
b10 #"
1"
b1 ~
b1011100 3"
15
#10010000
05
#10015000
bx 6
bx :
b100000 #"
b1111001000000110 z
b11110000 x
0"
b10 ~
b1011101 3"
15
#10020000
05
#10025000
b1010 6
b1010 :
b0 #"
1"
b1111001000000110 $
b1111001000000110 !"
b1111001000000110 w
b11110000 y
b100000 ~
b1011110 3"
15
#10030000
05
#10035000
bx 6
bx :
b1 #"
0"
b0 ~
b1011111 3"
15
#10040000
05
#10045000
b1010 6
b1010 :
b10 #"
1"
b1 ~
b1100000 3"
15
#10050000
05
#10055000
bx 6
bx :
b100000 #"
b1111001000000111 z
b1010 x
0"
b10 ~
b1100001 3"
15
#10060000
05
#10065000
b11 6
b11 :
b0 #"
1"
b1111001000000111 $
b1111001000000111 !"
b1111001000000111 w
b1010 y
b100000 ~
b1100010 3"
15
#10070000
05
#10075000
bx 6
bx :
b1 #"
0"
b0 ~
b1100011 3"
15
#10080000
05
#10085000
b11 6
b11 :
b10 #"
1"
b1 ~
b1100100 3"
15
#10090000
05
#10095000
bx 6
bx :
b11000 #"
b1111001000001000 z
b11 x
0"
b10 ~
b1100101 3"
15
#10100000
05
#10105000
0;
b1 >
b1 *"
b1 )"
1&"
b1 6
b1 :
b0 #"
1"
b1111001000001000 $
b1111001000001000 !"
b1111001000001000 w
b11 y
1A
b11000 ~
b1100110 3"
15
#10110000
05
#10115000
b0 )"
0&"
bx 6
bx :
b1 #"
b1 v
b1 $"
0"
0A
b0 ~
b1100111 3"
15
#10120000
05
#10125000
b1 6
b1 :
b10 #"
1"
b1 ~
b1101000 3"
15
#10130000
05
#10135000
bx 6
bx :
b11110 #"
b1111001000001001 z
b1 x
0"
b10 ~
b1101001 3"
15
#10140000
05
#10145000
b0 6
b0 :
b0 #"
1"
b1111001000001001 $
b1111001000001001 !"
b1111001000001001 w
b1 y
b11110 ~
b1101010 3"
15
#10150000
05
#10155000
bx 6
bx :
b1 #"
0"
b0 ~
b1101011 3"
15
#10160000
05
#10165000
b0 6
b0 :
b10 #"
1"
b1 ~
b1101100 3"
15
#10170000
05
#10175000
bx 6
bx :
b11 #"
b1111001000001010 z
b0 x
0"
b10 ~
b1101101 3"
15
#10180000
05
#10185000
b11110001 6
b11110001 :
b100 #"
1"
b1111001000001010 $
b1111001000001010 !"
b1111001000001010 w
b0 y
b11 ~
b1101110 3"
15
#10190000
05
#10195000
b1001 6
b1001 :
b101 #"
b1111001000001011 $
b1111001000001011 !"
b1111001000001011 w
b1111001000001011 z
b11110001 x
1"
b100 ~
b1101111 3"
15
#10200000
05
#10205000
bx 6
bx :
b110 #"
b1111001000001100 z
b1001 x
b11110001 |
0"
b101 ~
b1110000 3"
15
#10210000
05
#10215000
b0 6
b0 :
b111 #"
1"
b1111000100001001 $
b1111000100001001 !"
b1111000100001001 w
b110 ~
b1110001 3"
15
#10220000
05
#10225000
bx 6
bx :
b0 #"
b0 x
0"
b111 ~
b1110010 3"
15
#10230000
05
#10235000
1;
b0 >
b0 *"
b1 #"
b0 v
b0 $"
b0 ~
b1110011 3"
15
#10240000
05
#10245000
b110 6
b110 :
b10 #"
1"
b1111001000001100 $
b1111001000001100 !"
b1111001000001100 w
b1 ~
b1110100 3"
15
#10250000
05
#10255000
bx 6
bx :
b100000 #"
b1111001000001101 z
b110 x
0"
b10 ~
b1110101 3"
15
#10260000
05
#10265000
b0 6
b0 :
b0 #"
1"
b1111001000001101 $
b1111001000001101 !"
b1111001000001101 w
b110 y
b100000 ~
b1110110 3"
15
#10270000
05
#10275000
bx 6
bx :
b1 #"
0"
b0 ~
b1110111 3"
15
#10280000
05
#10285000
b0 6
b0 :
b10 #"
1"
b1 ~
b1111000 3"
15
#10290000
05
#10295000
bx 6
bx :
b10000 #"
b1111001000001110 z
b0 x
0"
b10 ~
b1111001 3"
15
#10300000
05
#10305000
b11110010 6
b11110010 :
b10001 #"
1"
b1111001000001110 $
b1111001000001110 !"
b1111001000001110 w
b0 y
b10000 ~
b1111010 3"
15
#10310000
05
#10315000
b100 6
b100 :
b10010 #"
b1111001000001111 $
b1111001000001111 !"
b1111001000001111 w
b11110010 x
1"
b10001 ~
b1111011 3"
15
#10320000
05
#10325000
bx 6
bx :
b0 #"
b100 x
b11110010 |
0"
b10010 ~
b1111100 3"
15
#10330000
05
#10335000
b1 #"
b1111001000000100 z
b0 ~
b1111101 3"
15
#10340000
05
#10345000
b0 6
b0 :
b10 #"
1"
b1111001000000100 $
b1111001000000100 !"
b1111001000000100 w
b1 ~
b1111110 3"
15
#10350000
05
#10355000
bx 6
bx :
b100000 #"
b1111001000000101 z
b0 x
0"
b10 ~
b1111111 3"
15
#10360000
05
#10365000
b11110000 6
b11110000 :
b0 #"
1"
b1111001000000101 $
b1111001000000101 !"
b1111001000000101 w
b100000 ~
b10000000 3"
15
#10370000
05
#10375000
bx 6
bx :
b1 #"
0"
b0 ~
b10000001 3"
15
#10380000
05
#10385000
b11110000 6
b11110000 :
b10 #"
1"
b1 ~
b10000010 3"
15
#10390000
05
#10395000
bx 6
bx :
b100000 #"
b1111001000000110 z
b11110000 x
0"
b10 ~
b10000011 3"
15
#10400000
05
#10405000
b1010 6
b1010 :
b0 #"
1"
b1111001000000110 $
b1111001000000110 !"
b1111001000000110 w
b11110000 y
b100000 ~
b10000100 3"
15
#10410000
05
#10415000
bx 6
bx :
b1 #"
0"
b0 ~
b10000101 3"
15
#10420000
05
#10425000
b1010 6
b1010 :
b10 #"
1"
b1 ~
b10000110 3"
15
#10430000
05
#10435000
bx 6
bx :
b100000 #"
b1111001000000111 z
b1010 x
0"
b10 ~
b10000111 3"
15
#10440000
05
#10445000
b11 6
b11 :
b0 #"
1"
b1111001000000111 $
b1111001000000111 !"
b1111001000000111 w
b1010 y
b100000 ~
b10001000 3"
15
#10450000
05
#10455000
bx 6
bx :
b1 #"
0"
b0 ~
b10001001 3"
15
#10460000
05
#10465000
b11 6
b11 :
b10 #"
1"
b1 ~
b10001010 3"
15
#10470000
05
#10475000
bx 6
bx :
b11000 #"
b1111001000001000 z
b11 x
0"
b10 ~
b10001011 3"
15
#10480000
05
#10485000
0;
b1 >
b1 *"
b1 )"
1&"
b1 6
b1 :
b0 #"
1"
b1111001000001000 $
b1111001000001000 !"
b1111001000001000 w
b11 y
1A
b11000 ~
b10001100 3"
15
#10490000
05
#10495000
b0 )"
0&"
bx 6
bx :
b1 #"
b1 v
b1 $"
0"
0A
b0 ~
b10001101 3"
15
#10500000
05
#10505000
b1 6
b1 :
b10 #"
1"
b1 ~
b10001110 3"
15
#10510000
05
#10515000
bx 6
bx :
b11110 #"
b1111001000001001 z
b1 x
0"
b10 ~
b10001111 3"
15
#10520000
05
#10525000
b0 6
b0 :
b0 #"
1"
b1111001000001001 $
b1111001000001001 !"
b1111001000001001 w
b1 y
b11110 ~
b10010000 3"
15
#10530000
05
#10535000
bx 6
bx :
b1 #"
0"
b0 ~
b10010001 3"
15
#10540000
05
#10545000
b0 6
b0 :
b10 #"
1"
b1 ~
b10010010 3"
15
#10550000
05
#10555000
bx 6
bx :
b11 #"
b1111001000001010 z
b0 x
0"
b10 ~
b10010011 3"
15
#10560000
05
#10565000
b11110001 6
b11110001 :
b100 #"
1"
b1111001000001010 $
b1111001000001010 !"
b1111001000001010 w
b0 y
b11 ~
b10010100 3"
15
#10570000
05
#10575000
b1001 6
b1001 :
b101 #"
b1111001000001011 $
b1111001000001011 !"
b1111001000001011 w
b1111001000001011 z
b11110001 x
1"
b100 ~
b10010101 3"
15
#10580000
05
#10585000
bx 6
bx :
b110 #"
b1111001000001100 z
b1001 x
b11110001 |
0"
b101 ~
b10010110 3"
15
#10590000
05
#10595000
b0 6
b0 :
b111 #"
1"
b1111000100001001 $
b1111000100001001 !"
b1111000100001001 w
b110 ~
b10010111 3"
15
#10600000
05
#10605000
bx 6
bx :
b0 #"
b0 x
0"
b111 ~
b10011000 3"
15
#10610000
05
#10615000
1;
b0 >
b0 *"
b1 #"
b0 v
b0 $"
b0 ~
b10011001 3"
15
#10620000
05
#10625000
b110 6
b110 :
b10 #"
1"
b1111001000001100 $
b1111001000001100 !"
b1111001000001100 w
b1 ~
b10011010 3"
15
#10630000
05
#10635000
bx 6
bx :
b100000 #"
b1111001000001101 z
b110 x
0"
b10 ~
b10011011 3"
15
#10640000
05
#10645000
b0 6
b0 :
b0 #"
1"
b1111001000001101 $
b1111001000001101 !"
b1111001000001101 w
b110 y
b100000 ~
b10011100 3"
15
#10650000
05
#10655000
bx 6
bx :
b1 #"
0"
b0 ~
b10011101 3"
15
#10660000
05
#10665000
b0 6
b0 :
b10 #"
1"
b1 ~
b10011110 3"
15
#10670000
05
#10675000
bx 6
bx :
b10000 #"
b1111001000001110 z
b0 x
0"
b10 ~
b10011111 3"
15
#10680000
05
#10685000
b11110010 6
b11110010 :
b10001 #"
1"
b1111001000001110 $
b1111001000001110 !"
b1111001000001110 w
b0 y
b10000 ~
b10100000 3"
15
#10690000
05
#10695000
b100 6
b100 :
b10010 #"
b1111001000001111 $
b1111001000001111 !"
b1111001000001111 w
b11110010 x
1"
b10001 ~
b10100001 3"
15
#10700000
05
#10705000
bx 6
bx :
b0 #"
b100 x
b11110010 |
0"
b10010 ~
b10100010 3"
15
#10710000
05
#10715000
b1 #"
b1111001000000100 z
b0 ~
b10100011 3"
15
#10720000
05
#10725000
b0 6
b0 :
b10 #"
1"
b1111001000000100 $
b1111001000000100 !"
b1111001000000100 w
b1 ~
b10100100 3"
15
#10730000
05
#10735000
bx 6
bx :
b100000 #"
b1111001000000101 z
b0 x
0"
b10 ~
b10100101 3"
15
#10740000
05
#10745000
b11110000 6
b11110000 :
b0 #"
1"
b1111001000000101 $
b1111001000000101 !"
b1111001000000101 w
b100000 ~
b10100110 3"
15
#10750000
05
#10755000
bx 6
bx :
b1 #"
0"
b0 ~
b10100111 3"
15
#10760000
05
#10765000
b11110000 6
b11110000 :
b10 #"
1"
b1 ~
b10101000 3"
15
#10770000
05
#10775000
bx 6
bx :
b100000 #"
b1111001000000110 z
b11110000 x
0"
b10 ~
b10101001 3"
15
#10780000
05
#10785000
b1010 6
b1010 :
b0 #"
1"
b1111001000000110 $
b1111001000000110 !"
b1111001000000110 w
b11110000 y
b100000 ~
b10101010 3"
15
#10790000
05
#10795000
bx 6
bx :
b1 #"
0"
b0 ~
b10101011 3"
15
#10800000
05
#10805000
b1010 6
b1010 :
b10 #"
1"
b1 ~
b10101100 3"
15
#10810000
05
#10815000
bx 6
bx :
b100000 #"
b1111001000000111 z
b1010 x
0"
b10 ~
b10101101 3"
15
#10820000
05
#10825000
b11 6
b11 :
b0 #"
1"
b1111001000000111 $
b1111001000000111 !"
b1111001000000111 w
b1010 y
b100000 ~
b10101110 3"
15
#10830000
05
#10835000
bx 6
bx :
b1 #"
0"
b0 ~
b10101111 3"
15
#10840000
05
#10845000
b11 6
b11 :
b10 #"
1"
b1 ~
b10110000 3"
15
#10850000
05
#10855000
bx 6
bx :
b11000 #"
b1111001000001000 z
b11 x
0"
b10 ~
b10110001 3"
15
#10860000
05
#10865000
0;
b1 >
b1 *"
b1 )"
1&"
b1 6
b1 :
b0 #"
1"
b1111001000001000 $
b1111001000001000 !"
b1111001000001000 w
b11 y
1A
b11000 ~
b10110010 3"
15
#10870000
05
#10875000
b0 )"
0&"
bx 6
bx :
b1 #"
b1 v
b1 $"
0"
0A
b0 ~
b10110011 3"
15
#10880000
05
#10885000
b1 6
b1 :
b10 #"
1"
b1 ~
b10110100 3"
15
#10890000
05
#10895000
bx 6
bx :
b11110 #"
b1111001000001001 z
b1 x
0"
b10 ~
b10110101 3"
15
#10900000
05
#10905000
b0 6
b0 :
b0 #"
1"
b1111001000001001 $
b1111001000001001 !"
b1111001000001001 w
b1 y
b11110 ~
b10110110 3"
15
#10910000
05
#10915000
bx 6
bx :
b1 #"
0"
b0 ~
b10110111 3"
15
#10920000
05
#10925000
b0 6
b0 :
b10 #"
1"
b1 ~
b10111000 3"
15
#10930000
05
#10935000
bx 6
bx :
b11 #"
b1111001000001010 z
b0 x
0"
b10 ~
b10111001 3"
15
#10940000
05
#10945000
b11110001 6
b11110001 :
b100 #"
1"
b1111001000001010 $
b1111001000001010 !"
b1111001000001010 w
b0 y
b11 ~
b10111010 3"
15
#10950000
05
#10955000
b1001 6
b1001 :
b101 #"
b1111001000001011 $
b1111001000001011 !"
b1111001000001011 w
b1111001000001011 z
b11110001 x
1"
b100 ~
b10111011 3"
15
#10960000
05
#10965000
bx 6
bx :
b110 #"
b1111001000001100 z
b1001 x
b11110001 |
0"
b101 ~
b10111100 3"
15
#10970000
05
#10975000
b0 6
b0 :
b111 #"
1"
b1111000100001001 $
b1111000100001001 !"
b1111000100001001 w
b110 ~
b10111101 3"
15
#10980000
05
#10985000
bx 6
bx :
b0 #"
b0 x
0"
b111 ~
b10111110 3"
15
#10990000
05
#10995000
1;
b0 >
b0 *"
b1 #"
b0 v
b0 $"
b0 ~
b10111111 3"
15
#11000000
05
#11005000
b110 6
b110 :
b10 #"
1"
b1111001000001100 $
b1111001000001100 !"
b1111001000001100 w
b1 ~
b11000000 3"
15
#11010000
05
#11015000
bx 6
bx :
b100000 #"
b1111001000001101 z
b110 x
0"
b10 ~
b11000001 3"
15
#11020000
05
#11025000
b0 6
b0 :
b0 #"
1"
b1111001000001101 $
b1111001000001101 !"
b1111001000001101 w
b110 y
b100000 ~
b11000010 3"
15
#11030000
05
#11035000
bx 6
bx :
b1 #"
0"
b0 ~
b11000011 3"
15
#11040000
05
#11045000
b0 6
b0 :
b10 #"
1"
b1 ~
b11000100 3"
15
#11050000
05
#11055000
bx 6
bx :
b10000 #"
b1111001000001110 z
b0 x
0"
b10 ~
b11000101 3"
15
#11060000
05
#11065000
b11110010 6
b11110010 :
b10001 #"
1"
b1111001000001110 $
b1111001000001110 !"
b1111001000001110 w
b0 y
b10000 ~
b11000110 3"
15
#11070000
05
#11075000
b100 6
b100 :
b10010 #"
b1111001000001111 $
b1111001000001111 !"
b1111001000001111 w
b11110010 x
1"
b10001 ~
b11000111 3"
15
#11080000
05
#11085000
bx 6
bx :
b0 #"
b100 x
b11110010 |
0"
b10010 ~
b11001000 3"
15
#11090000
05
#11095000
b1 #"
b1111001000000100 z
b0 ~
b11001001 3"
15
#11100000
05
#11105000
b0 6
b0 :
b10 #"
1"
b1111001000000100 $
b1111001000000100 !"
b1111001000000100 w
b1 ~
b11001010 3"
15
#11110000
05
#11115000
bx 6
bx :
b100000 #"
b1111001000000101 z
b0 x
0"
b10 ~
b11001011 3"
15
#11120000
05
#11125000
b11110000 6
b11110000 :
b0 #"
1"
b1111001000000101 $
b1111001000000101 !"
b1111001000000101 w
b100000 ~
b11001100 3"
15
#11130000
05
#11135000
bx 6
bx :
b1 #"
0"
b0 ~
b11001101 3"
15
#11140000
05
#11145000
b11110000 6
b11110000 :
b10 #"
1"
b1 ~
b11001110 3"
15
#11150000
05
#11155000
bx 6
bx :
b100000 #"
b1111001000000110 z
b11110000 x
0"
b10 ~
b11001111 3"
15
#11160000
05
#11165000
b1010 6
b1010 :
b0 #"
1"
b1111001000000110 $
b1111001000000110 !"
b1111001000000110 w
b11110000 y
b100000 ~
b11010000 3"
15
#11170000
05
#11175000
bx 6
bx :
b1 #"
0"
b0 ~
b11010001 3"
15
#11180000
05
#11185000
b1010 6
b1010 :
b10 #"
1"
b1 ~
b11010010 3"
15
#11190000
05
#11195000
bx 6
bx :
b100000 #"
b1111001000000111 z
b1010 x
0"
b10 ~
b11010011 3"
15
#11200000
05
#11205000
b11 6
b11 :
b0 #"
1"
b1111001000000111 $
b1111001000000111 !"
b1111001000000111 w
b1010 y
b100000 ~
b11010100 3"
15
#11210000
05
#11215000
bx 6
bx :
b1 #"
0"
b0 ~
b11010101 3"
15
#11220000
05
#11225000
b11 6
b11 :
b10 #"
1"
b1 ~
b11010110 3"
15
#11230000
05
#11235000
bx 6
bx :
b11000 #"
b1111001000001000 z
b11 x
0"
b10 ~
b11010111 3"
15
#11240000
05
#11245000
0;
b1 >
b1 *"
b1 )"
1&"
b1 6
b1 :
b0 #"
1"
b1111001000001000 $
b1111001000001000 !"
b1111001000001000 w
b11 y
1A
b11000 ~
b11011000 3"
15
#11250000
05
#11255000
b0 )"
0&"
bx 6
bx :
b1 #"
b1 v
b1 $"
0"
0A
b0 ~
b11011001 3"
15
#11260000
05
#11265000
b1 6
b1 :
b10 #"
1"
b1 ~
b11011010 3"
15
#11270000
05
#11275000
bx 6
bx :
b11110 #"
b1111001000001001 z
b1 x
0"
b10 ~
b11011011 3"
15
#11280000
05
#11285000
b0 6
b0 :
b0 #"
1"
b1111001000001001 $
b1111001000001001 !"
b1111001000001001 w
b1 y
b11110 ~
b11011100 3"
15
#11290000
05
#11295000
bx 6
bx :
b1 #"
0"
b0 ~
b11011101 3"
15
#11300000
05
#11305000
b0 6
b0 :
b10 #"
1"
b1 ~
b11011110 3"
15
#11310000
05
#11315000
bx 6
bx :
b11 #"
b1111001000001010 z
b0 x
0"
b10 ~
b11011111 3"
15
#11320000
05
#11325000
b11110001 6
b11110001 :
b100 #"
1"
b1111001000001010 $
b1111001000001010 !"
b1111001000001010 w
b0 y
b11 ~
b11100000 3"
15
#11330000
05
#11335000
b1001 6
b1001 :
b101 #"
b1111001000001011 $
b1111001000001011 !"
b1111001000001011 w
b1111001000001011 z
b11110001 x
1"
b100 ~
b11100001 3"
15
#11340000
05
#11345000
bx 6
bx :
b110 #"
b1111001000001100 z
b1001 x
b11110001 |
0"
b101 ~
b11100010 3"
15
#11350000
05
#11355000
b0 6
b0 :
b111 #"
1"
b1111000100001001 $
b1111000100001001 !"
b1111000100001001 w
b110 ~
b11100011 3"
15
#11360000
05
#11365000
bx 6
bx :
b0 #"
b0 x
0"
b111 ~
b11100100 3"
15
#11370000
05
#11375000
1;
b0 >
b0 *"
b1 #"
b0 v
b0 $"
b0 ~
b11100101 3"
15
#11380000
05
#11385000
b110 6
b110 :
b10 #"
1"
b1111001000001100 $
b1111001000001100 !"
b1111001000001100 w
b1 ~
b11100110 3"
15
#11390000
05
#11395000
bx 6
bx :
b100000 #"
b1111001000001101 z
b110 x
0"
b10 ~
b11100111 3"
15
#11400000
05
#11405000
b0 6
b0 :
b0 #"
1"
b1111001000001101 $
b1111001000001101 !"
b1111001000001101 w
b110 y
b100000 ~
b11101000 3"
15
#11410000
05
#11415000
bx 6
bx :
b1 #"
0"
b0 ~
b11101001 3"
15
#11420000
05
#11425000
b0 6
b0 :
b10 #"
1"
b1 ~
b11101010 3"
15
#11430000
05
#11435000
bx 6
bx :
b10000 #"
b1111001000001110 z
b0 x
0"
b10 ~
b11101011 3"
15
#11440000
05
#11445000
b11110010 6
b11110010 :
b10001 #"
1"
b1111001000001110 $
b1111001000001110 !"
b1111001000001110 w
b0 y
b10000 ~
b11101100 3"
15
#11450000
05
#11455000
b100 6
b100 :
b10010 #"
b1111001000001111 $
b1111001000001111 !"
b1111001000001111 w
b11110010 x
1"
b10001 ~
b11101101 3"
15
#11460000
05
#11465000
bx 6
bx :
b0 #"
b100 x
b11110010 |
0"
b10010 ~
b11101110 3"
15
#11470000
05
#11475000
b1 #"
b1111001000000100 z
b0 ~
b11101111 3"
15
#11480000
05
#11485000
b0 6
b0 :
b10 #"
1"
b1111001000000100 $
b1111001000000100 !"
b1111001000000100 w
b1 ~
b11110000 3"
15
#11490000
05
#11495000
bx 6
bx :
b100000 #"
b1111001000000101 z
b0 x
0"
b10 ~
b11110001 3"
15
#11500000
05
#11505000
b11110000 6
b11110000 :
b0 #"
1"
b1111001000000101 $
b1111001000000101 !"
b1111001000000101 w
b100000 ~
b11110010 3"
15
#11510000
05
#11515000
bx 6
bx :
b1 #"
0"
b0 ~
b11110011 3"
15
#11520000
05
#11525000
b11110000 6
b11110000 :
b10 #"
1"
b1 ~
b11110100 3"
15
#11530000
05
#11535000
bx 6
bx :
b100000 #"
b1111001000000110 z
b11110000 x
0"
b10 ~
b11110101 3"
15
#11540000
05
#11545000
b1010 6
b1010 :
b0 #"
1"
b1111001000000110 $
b1111001000000110 !"
b1111001000000110 w
b11110000 y
b100000 ~
b11110110 3"
15
#11550000
05
#11555000
bx 6
bx :
b1 #"
0"
b0 ~
b11110111 3"
15
#11560000
05
#11565000
b1010 6
b1010 :
b10 #"
1"
b1 ~
b11111000 3"
15
#11570000
05
#11575000
bx 6
bx :
b100000 #"
b1111001000000111 z
b1010 x
0"
b10 ~
b11111001 3"
15
#11580000
05
#11585000
b11 6
b11 :
b0 #"
1"
b1111001000000111 $
b1111001000000111 !"
b1111001000000111 w
b1010 y
b100000 ~
b11111010 3"
15
#11590000
05
#11595000
bx 6
bx :
b1 #"
0"
b0 ~
b11111011 3"
15
#11600000
05
#11605000
b11 6
b11 :
b10 #"
1"
b1 ~
b11111100 3"
15
#11610000
05
#11615000
bx 6
bx :
b11000 #"
b1111001000001000 z
b11 x
0"
b10 ~
b11111101 3"
15
#11620000
05
#11625000
0;
b1 >
b1 *"
b1 )"
1&"
b1 6
b1 :
b0 #"
1"
b1111001000001000 $
b1111001000001000 !"
b1111001000001000 w
b11 y
1A
b11000 ~
b11111110 3"
15
#11630000
05
#11635000
b0 )"
0&"
bx 6
bx :
b1 #"
b1 v
b1 $"
0"
0A
b0 ~
b11111111 3"
15
#11640000
05
#11645000
b1 6
b1 :
b10 #"
1"
b1 ~
b100000000 3"
15
#11650000
05
#11655000
bx 6
bx :
b11110 #"
b1111001000001001 z
b1 x
0"
b10 ~
b100000001 3"
15
#11660000
05
#11665000
b0 6
b0 :
b0 #"
1"
b1111001000001001 $
b1111001000001001 !"
b1111001000001001 w
b1 y
b11110 ~
b100000010 3"
15
#11670000
05
#11675000
bx 6
bx :
b1 #"
0"
b0 ~
b100000011 3"
15
#11680000
05
#11685000
b0 6
b0 :
b10 #"
1"
b1 ~
b100000100 3"
15
#11690000
05
#11695000
bx 6
bx :
b11 #"
b1111001000001010 z
b0 x
0"
b10 ~
b100000101 3"
15
#11700000
05
#11705000
b11110001 6
b11110001 :
b100 #"
1"
b1111001000001010 $
b1111001000001010 !"
b1111001000001010 w
b0 y
b11 ~
b100000110 3"
15
#11710000
05
#11715000
b1001 6
b1001 :
b101 #"
b1111001000001011 $
b1111001000001011 !"
b1111001000001011 w
b1111001000001011 z
b11110001 x
1"
b100 ~
b100000111 3"
15
#11720000
05
#11725000
bx 6
bx :
b110 #"
b1111001000001100 z
b1001 x
b11110001 |
0"
b101 ~
b100001000 3"
15
#11730000
05
#11735000
b0 6
b0 :
b111 #"
1"
b1111000100001001 $
b1111000100001001 !"
b1111000100001001 w
b110 ~
b100001001 3"
15
#11740000
05
#11745000
bx 6
bx :
b0 #"
b0 x
0"
b111 ~
b100001010 3"
15
#11750000
05
#11755000
1;
b0 >
b0 *"
b1 #"
b0 v
b0 $"
b0 ~
b100001011 3"
15
#11760000
05
#11765000
b110 6
b110 :
b10 #"
1"
b1111001000001100 $
b1111001000001100 !"
b1111001000001100 w
b1 ~
b100001100 3"
15
#11770000
05
#11775000
bx 6
bx :
b100000 #"
b1111001000001101 z
b110 x
0"
b10 ~
b100001101 3"
15
#11780000
05
#11785000
b0 6
b0 :
b0 #"
1"
b1111001000001101 $
b1111001000001101 !"
b1111001000001101 w
b110 y
b100000 ~
b100001110 3"
15
#11790000
05
#11795000
bx 6
bx :
b1 #"
0"
b0 ~
b100001111 3"
15
#11800000
05
#11805000
b0 6
b0 :
b10 #"
1"
b1 ~
b100010000 3"
15
#11810000
05
#11815000
bx 6
bx :
b10000 #"
b1111001000001110 z
b0 x
0"
b10 ~
b100010001 3"
15
#11820000
05
#11825000
b11110010 6
b11110010 :
b10001 #"
1"
b1111001000001110 $
b1111001000001110 !"
b1111001000001110 w
b0 y
b10000 ~
b100010010 3"
15
#11830000
05
#11835000
b100 6
b100 :
b10010 #"
b1111001000001111 $
b1111001000001111 !"
b1111001000001111 w
b11110010 x
1"
b10001 ~
b100010011 3"
15
#11840000
05
#11845000
bx 6
bx :
b0 #"
b100 x
b11110010 |
0"
b10010 ~
b100010100 3"
15
#11850000
05
#11855000
b1 #"
b1111001000000100 z
b0 ~
b100010101 3"
15
#11860000
05
#11865000
b0 6
b0 :
b10 #"
1"
b1111001000000100 $
b1111001000000100 !"
b1111001000000100 w
b1 ~
b100010110 3"
15
#11870000
05
#11875000
bx 6
bx :
b100000 #"
b1111001000000101 z
b0 x
0"
b10 ~
b100010111 3"
15
#11880000
05
#11885000
b11110000 6
b11110000 :
b0 #"
1"
b1111001000000101 $
b1111001000000101 !"
b1111001000000101 w
b100000 ~
b100011000 3"
15
#11890000
05
#11895000
bx 6
bx :
b1 #"
0"
b0 ~
b100011001 3"
15
#11900000
05
#11905000
b11110000 6
b11110000 :
b10 #"
1"
b1 ~
b100011010 3"
15
#11910000
05
#11915000
bx 6
bx :
b100000 #"
b1111001000000110 z
b11110000 x
0"
b10 ~
b100011011 3"
15
#11920000
05
#11925000
b1010 6
b1010 :
b0 #"
1"
b1111001000000110 $
b1111001000000110 !"
b1111001000000110 w
b11110000 y
b100000 ~
b100011100 3"
15
#11930000
05
#11935000
bx 6
bx :
b1 #"
0"
b0 ~
b100011101 3"
15
#11940000
05
#11945000
b1010 6
b1010 :
b10 #"
1"
b1 ~
b100011110 3"
15
#11950000
05
#11955000
bx 6
bx :
b100000 #"
b1111001000000111 z
b1010 x
0"
b10 ~
b100011111 3"
15
#11960000
05
#11965000
b11 6
b11 :
b0 #"
1"
b1111001000000111 $
b1111001000000111 !"
b1111001000000111 w
b1010 y
b100000 ~
b100100000 3"
15
#11970000
05
#11975000
bx 6
bx :
b1 #"
0"
b0 ~
b100100001 3"
15
#11980000
05
#11985000
b11 6
b11 :
b10 #"
1"
b1 ~
b100100010 3"
15
#11990000
05
#11995000
bx 6
bx :
b11000 #"
b1111001000001000 z
b11 x
0"
b10 ~
b100100011 3"
15
#12000000
05
#12005000
0;
b1 >
b1 *"
b1 )"
1&"
b1 6
b1 :
b0 #"
1"
b1111001000001000 $
b1111001000001000 !"
b1111001000001000 w
b11 y
1A
b11000 ~
b100100100 3"
15
#12010000
05
#12015000
b0 )"
0&"
bx 6
bx :
b1 #"
b1 v
b1 $"
0"
0A
b0 ~
b100100101 3"
15
#12020000
05
#12025000
b1 6
b1 :
b10 #"
1"
b1 ~
b100100110 3"
15
#12030000
05
#12035000
bx 6
bx :
b11110 #"
b1111001000001001 z
b1 x
0"
b10 ~
b100100111 3"
15
#12040000
05
#12045000
b0 6
b0 :
b0 #"
1"
b1111001000001001 $
b1111001000001001 !"
b1111001000001001 w
b1 y
b11110 ~
b100101000 3"
15
#12050000
05
#12055000
bx 6
bx :
b1 #"
0"
b0 ~
b100101001 3"
15
#12060000
05
#12065000
b0 6
b0 :
b10 #"
1"
b1 ~
b100101010 3"
15
#12070000
05
#12075000
bx 6
bx :
b11 #"
b1111001000001010 z
b0 x
0"
b10 ~
b100101011 3"
15
#12080000
05
#12085000
b11110001 6
b11110001 :
b100 #"
1"
b1111001000001010 $
b1111001000001010 !"
b1111001000001010 w
b0 y
b11 ~
b100101100 3"
15
#12090000
05
#12095000
b1001 6
b1001 :
b101 #"
b1111001000001011 $
b1111001000001011 !"
b1111001000001011 w
b1111001000001011 z
b11110001 x
1"
b100 ~
b100101101 3"
15
#12100000
05
#12105000
bx 6
bx :
b110 #"
b1111001000001100 z
b1001 x
b11110001 |
0"
b101 ~
b100101110 3"
15
#12110000
05
#12115000
b0 6
b0 :
b111 #"
1"
b1111000100001001 $
b1111000100001001 !"
b1111000100001001 w
b110 ~
b100101111 3"
15
#12120000
05
#12125000
bx 6
bx :
b0 #"
b0 x
0"
b111 ~
b100110000 3"
15
#12130000
05
#12135000
1;
b0 >
b0 *"
b1 #"
b0 v
b0 $"
b0 ~
b100110001 3"
15
#12140000
05
#12145000
b110 6
b110 :
b10 #"
1"
b1111001000001100 $
b1111001000001100 !"
b1111001000001100 w
b1 ~
b100110010 3"
15
#12150000
05
#12155000
bx 6
bx :
b100000 #"
b1111001000001101 z
b110 x
0"
b10 ~
b100110011 3"
15
#12160000
05
#12165000
b0 6
b0 :
b0 #"
1"
b1111001000001101 $
b1111001000001101 !"
b1111001000001101 w
b110 y
b100000 ~
b100110100 3"
15
#12170000
05
#12175000
bx 6
bx :
b1 #"
0"
b0 ~
b100110101 3"
15
#12180000
05
#12185000
b0 6
b0 :
b10 #"
1"
b1 ~
b100110110 3"
15
#12190000
05
#12195000
bx 6
bx :
b10000 #"
b1111001000001110 z
b0 x
0"
b10 ~
b100110111 3"
15
#12200000
05
#12205000
b11110010 6
b11110010 :
b10001 #"
1"
b1111001000001110 $
b1111001000001110 !"
b1111001000001110 w
b0 y
b10000 ~
b100111000 3"
15
#12210000
05
#12215000
b100 6
b100 :
b10010 #"
b1111001000001111 $
b1111001000001111 !"
b1111001000001111 w
b11110010 x
1"
b10001 ~
b100111001 3"
15
#12220000
05
#12225000
bx 6
bx :
b0 #"
b100 x
b11110010 |
0"
b10010 ~
b100111010 3"
15
#12230000
05
#12235000
b1 #"
b1111001000000100 z
b0 ~
b100111011 3"
15
#12240000
05
#12245000
b0 6
b0 :
b10 #"
1"
b1111001000000100 $
b1111001000000100 !"
b1111001000000100 w
b1 ~
b100111100 3"
15
#12250000
05
#12255000
bx 6
bx :
b100000 #"
b1111001000000101 z
b0 x
0"
b10 ~
b100111101 3"
15
#12260000
05
#12265000
b11110000 6
b11110000 :
b0 #"
1"
b1111001000000101 $
b1111001000000101 !"
b1111001000000101 w
b100000 ~
b100111110 3"
15
#12270000
05
#12275000
bx 6
bx :
b1 #"
0"
b0 ~
b100111111 3"
15
#12280000
05
#12285000
b11110000 6
b11110000 :
b10 #"
1"
b1 ~
b101000000 3"
15
#12290000
05
#12295000
bx 6
bx :
b100000 #"
b1111001000000110 z
b11110000 x
0"
b10 ~
b101000001 3"
15
#12300000
05
#12305000
b1010 6
b1010 :
b0 #"
1"
b1111001000000110 $
b1111001000000110 !"
b1111001000000110 w
b11110000 y
b100000 ~
b101000010 3"
15
#12310000
05
#12315000
bx 6
bx :
b1 #"
0"
b0 ~
b101000011 3"
15
#12320000
05
#12325000
b1010 6
b1010 :
b10 #"
1"
b1 ~
b101000100 3"
15
#12330000
05
#12335000
bx 6
bx :
b100000 #"
b1111001000000111 z
b1010 x
0"
b10 ~
b101000101 3"
15
#12340000
05
#12345000
b11 6
b11 :
b0 #"
1"
b1111001000000111 $
b1111001000000111 !"
b1111001000000111 w
b1010 y
b100000 ~
b101000110 3"
15
#12350000
05
#12355000
bx 6
bx :
b1 #"
0"
b0 ~
b101000111 3"
15
#12360000
05
#12365000
b11 6
b11 :
b10 #"
1"
b1 ~
b101001000 3"
15
#12370000
05
#12375000
bx 6
bx :
b11000 #"
b1111001000001000 z
b11 x
0"
b10 ~
b101001001 3"
15
#12380000
05
#12385000
0;
b1 >
b1 *"
b1 )"
1&"
b1 6
b1 :
b0 #"
1"
b1111001000001000 $
b1111001000001000 !"
b1111001000001000 w
b11 y
1A
b11000 ~
b101001010 3"
15
#12390000
05
#12395000
b0 )"
0&"
bx 6
bx :
b1 #"
b1 v
b1 $"
0"
0A
b0 ~
b101001011 3"
15
#12400000
05
#12405000
b1 6
b1 :
b10 #"
1"
b1 ~
b101001100 3"
15
#12410000
05
#12415000
bx 6
bx :
b11110 #"
b1111001000001001 z
b1 x
0"
b10 ~
b101001101 3"
15
#12420000
05
#12425000
b0 6
b0 :
b0 #"
1"
b1111001000001001 $
b1111001000001001 !"
b1111001000001001 w
b1 y
b11110 ~
b101001110 3"
15
#12430000
05
#12435000
bx 6
bx :
b1 #"
0"
b0 ~
b101001111 3"
15
#12440000
05
#12445000
b0 6
b0 :
b10 #"
1"
b1 ~
b101010000 3"
15
#12450000
05
#12455000
bx 6
bx :
b11 #"
b1111001000001010 z
b0 x
0"
b10 ~
b101010001 3"
15
#12460000
05
#12465000
b11110001 6
b11110001 :
b100 #"
1"
b1111001000001010 $
b1111001000001010 !"
b1111001000001010 w
b0 y
b11 ~
b101010010 3"
15
#12470000
05
#12475000
b1001 6
b1001 :
b101 #"
b1111001000001011 $
b1111001000001011 !"
b1111001000001011 w
b1111001000001011 z
b11110001 x
1"
b100 ~
b101010011 3"
15
#12480000
05
#12485000
bx 6
bx :
b110 #"
b1111001000001100 z
b1001 x
b11110001 |
0"
b101 ~
b101010100 3"
15
#12490000
05
#12495000
b0 6
b0 :
b111 #"
1"
b1111000100001001 $
b1111000100001001 !"
b1111000100001001 w
b110 ~
b101010101 3"
15
#12500000
05
#12505000
bx 6
bx :
b0 #"
b0 x
0"
b111 ~
b101010110 3"
15
#12510000
05
#12515000
1;
b0 >
b0 *"
b1 #"
b0 v
b0 $"
b0 ~
b101010111 3"
15
#12520000
05
#12525000
b110 6
b110 :
b10 #"
1"
b1111001000001100 $
b1111001000001100 !"
b1111001000001100 w
b1 ~
b101011000 3"
15
#12530000
05
#12535000
bx 6
bx :
b100000 #"
b1111001000001101 z
b110 x
0"
b10 ~
b101011001 3"
15
#12540000
05
#12545000
b0 6
b0 :
b0 #"
1"
b1111001000001101 $
b1111001000001101 !"
b1111001000001101 w
b110 y
b100000 ~
b101011010 3"
15
#12550000
05
#12555000
bx 6
bx :
b1 #"
0"
b0 ~
b101011011 3"
15
#12560000
05
#12565000
b0 6
b0 :
b10 #"
1"
b1 ~
b101011100 3"
15
#12570000
05
#12575000
bx 6
bx :
b10000 #"
b1111001000001110 z
b0 x
0"
b10 ~
b101011101 3"
15
#12580000
05
#12585000
b11110010 6
b11110010 :
b10001 #"
1"
b1111001000001110 $
b1111001000001110 !"
b1111001000001110 w
b0 y
b10000 ~
b101011110 3"
15
#12590000
05
#12595000
b100 6
b100 :
b10010 #"
b1111001000001111 $
b1111001000001111 !"
b1111001000001111 w
b11110010 x
1"
b10001 ~
b101011111 3"
15
#12600000
05
#12605000
bx 6
bx :
b0 #"
b100 x
b11110010 |
0"
b10010 ~
b101100000 3"
15
#12610000
05
#12615000
b1 #"
b1111001000000100 z
b0 ~
b101100001 3"
15
#12620000
05
#12625000
b0 6
b0 :
b10 #"
1"
b1111001000000100 $
b1111001000000100 !"
b1111001000000100 w
b1 ~
b101100010 3"
15
#12630000
05
#12635000
bx 6
bx :
b100000 #"
b1111001000000101 z
b0 x
0"
b10 ~
b101100011 3"
15
#12640000
05
#12645000
b11110000 6
b11110000 :
b0 #"
1"
b1111001000000101 $
b1111001000000101 !"
b1111001000000101 w
b100000 ~
b101100100 3"
15
#12650000
05
#12655000
bx 6
bx :
b1 #"
0"
b0 ~
b101100101 3"
15
#12660000
05
#12665000
b11110000 6
b11110000 :
b10 #"
1"
b1 ~
b101100110 3"
15
#12670000
05
#12675000
bx 6
bx :
b100000 #"
b1111001000000110 z
b11110000 x
0"
b10 ~
b101100111 3"
15
#12680000
05
#12685000
b1010 6
b1010 :
b0 #"
1"
b1111001000000110 $
b1111001000000110 !"
b1111001000000110 w
b11110000 y
b100000 ~
b101101000 3"
15
#12690000
05
#12695000
bx 6
bx :
b1 #"
0"
b0 ~
b101101001 3"
15
#12700000
05
#12705000
b1010 6
b1010 :
b10 #"
1"
b1 ~
b101101010 3"
15
#12710000
05
#12715000
bx 6
bx :
b100000 #"
b1111001000000111 z
b1010 x
0"
b10 ~
b101101011 3"
15
#12720000
05
#12725000
b11 6
b11 :
b0 #"
1"
b1111001000000111 $
b1111001000000111 !"
b1111001000000111 w
b1010 y
b100000 ~
b101101100 3"
15
#12730000
05
#12735000
bx 6
bx :
b1 #"
0"
b0 ~
b101101101 3"
15
#12740000
05
#12745000
b11 6
b11 :
b10 #"
1"
b1 ~
b101101110 3"
15
#12750000
05
#12755000
bx 6
bx :
b11000 #"
b1111001000001000 z
b11 x
0"
b10 ~
b101101111 3"
15
#12760000
05
#12765000
0;
b1 >
b1 *"
b1 )"
1&"
b1 6
b1 :
b0 #"
1"
b1111001000001000 $
b1111001000001000 !"
b1111001000001000 w
b11 y
1A
b11000 ~
b101110000 3"
15
#12770000
05
#12775000
b0 )"
0&"
bx 6
bx :
b1 #"
b1 v
b1 $"
0"
0A
b0 ~
b101110001 3"
15
#12780000
05
#12785000
b1 6
b1 :
b10 #"
1"
b1 ~
b101110010 3"
15
#12790000
05
#12795000
bx 6
bx :
b11110 #"
b1111001000001001 z
b1 x
0"
b10 ~
b101110011 3"
15
#12800000
05
#12805000
b0 6
b0 :
b0 #"
1"
b1111001000001001 $
b1111001000001001 !"
b1111001000001001 w
b1 y
b11110 ~
b101110100 3"
15
#12810000
05
#12815000
bx 6
bx :
b1 #"
0"
b0 ~
b101110101 3"
15
#12820000
05
#12825000
b0 6
b0 :
b10 #"
1"
b1 ~
b101110110 3"
15
#12830000
05
#12835000
bx 6
bx :
b11 #"
b1111001000001010 z
b0 x
0"
b10 ~
b101110111 3"
15
#12840000
05
#12845000
b11110001 6
b11110001 :
b100 #"
1"
b1111001000001010 $
b1111001000001010 !"
b1111001000001010 w
b0 y
b11 ~
b101111000 3"
15
#12850000
05
#12855000
b1001 6
b1001 :
b101 #"
b1111001000001011 $
b1111001000001011 !"
b1111001000001011 w
b1111001000001011 z
b11110001 x
1"
b100 ~
b101111001 3"
15
#12860000
05
#12865000
bx 6
bx :
b110 #"
b1111001000001100 z
b1001 x
b11110001 |
0"
b101 ~
b101111010 3"
15
#12870000
05
#12875000
b0 6
b0 :
b111 #"
1"
b1111000100001001 $
b1111000100001001 !"
b1111000100001001 w
b110 ~
b101111011 3"
15
#12880000
05
#12885000
bx 6
bx :
b0 #"
b0 x
0"
b111 ~
b101111100 3"
15
#12890000
05
#12895000
1;
b0 >
b0 *"
b1 #"
b0 v
b0 $"
b0 ~
b101111101 3"
15
#12900000
05
#12905000
b110 6
b110 :
b10 #"
1"
b1111001000001100 $
b1111001000001100 !"
b1111001000001100 w
b1 ~
b101111110 3"
15
#12910000
05
#12915000
bx 6
bx :
b100000 #"
b1111001000001101 z
b110 x
0"
b10 ~
b101111111 3"
15
#12920000
05
#12925000
b0 6
b0 :
b0 #"
1"
b1111001000001101 $
b1111001000001101 !"
b1111001000001101 w
b110 y
b100000 ~
b110000000 3"
15
#12930000
05
#12935000
bx 6
bx :
b1 #"
0"
b0 ~
b110000001 3"
15
#12940000
05
#12945000
b0 6
b0 :
b10 #"
1"
b1 ~
b110000010 3"
15
#12950000
05
#12955000
bx 6
bx :
b10000 #"
b1111001000001110 z
b0 x
0"
b10 ~
b110000011 3"
15
#12960000
05
#12965000
b11110010 6
b11110010 :
b10001 #"
1"
b1111001000001110 $
b1111001000001110 !"
b1111001000001110 w
b0 y
b10000 ~
b110000100 3"
15
#12970000
05
#12975000
b100 6
b100 :
b10010 #"
b1111001000001111 $
b1111001000001111 !"
b1111001000001111 w
b11110010 x
1"
b10001 ~
b110000101 3"
15
#12980000
05
#12985000
bx 6
bx :
b0 #"
b100 x
b11110010 |
0"
b10010 ~
b110000110 3"
15
#12990000
05
#12995000
b1 #"
b1111001000000100 z
b0 ~
b110000111 3"
15
#13000000
05
#13005000
b0 6
b0 :
b10 #"
1"
b1111001000000100 $
b1111001000000100 !"
b1111001000000100 w
b1 ~
b110001000 3"
15
#13010000
05
#13015000
bx 6
bx :
b100000 #"
b1111001000000101 z
b0 x
0"
b10 ~
b110001001 3"
15
#13020000
05
#13025000
b11110000 6
b11110000 :
b0 #"
1"
b1111001000000101 $
b1111001000000101 !"
b1111001000000101 w
b100000 ~
b110001010 3"
15
#13030000
05
#13035000
bx 6
bx :
b1 #"
0"
b0 ~
b110001011 3"
15
#13040000
05
#13045000
b11110000 6
b11110000 :
b10 #"
1"
b1 ~
b110001100 3"
15
#13050000
05
#13055000
bx 6
bx :
b100000 #"
b1111001000000110 z
b11110000 x
0"
b10 ~
b110001101 3"
15
#13060000
05
#13065000
b1010 6
b1010 :
b0 #"
1"
b1111001000000110 $
b1111001000000110 !"
b1111001000000110 w
b11110000 y
b100000 ~
b110001110 3"
15
#13070000
05
#13075000
bx 6
bx :
b1 #"
0"
b0 ~
b110001111 3"
15
#13080000
05
#13085000
b1010 6
b1010 :
b10 #"
1"
b1 ~
b110010000 3"
15
#13090000
05
#13095000
bx 6
bx :
b100000 #"
b1111001000000111 z
b1010 x
0"
b10 ~
b110010001 3"
15
#13100000
05
#13105000
b11 6
b11 :
b0 #"
1"
b1111001000000111 $
b1111001000000111 !"
b1111001000000111 w
b1010 y
b100000 ~
b110010010 3"
15
#13110000
05
#13115000
bx 6
bx :
b1 #"
0"
b0 ~
b110010011 3"
15
#13120000
05
#13125000
b11 6
b11 :
b10 #"
1"
b1 ~
b110010100 3"
15
#13130000
05
#13135000
bx 6
bx :
b11000 #"
b1111001000001000 z
b11 x
0"
b10 ~
b110010101 3"
15
#13140000
05
#13145000
0;
b1 >
b1 *"
b1 )"
1&"
b1 6
b1 :
b0 #"
1"
b1111001000001000 $
b1111001000001000 !"
b1111001000001000 w
b11 y
1A
b11000 ~
b110010110 3"
15
#13150000
05
#13155000
b0 )"
0&"
bx 6
bx :
b1 #"
b1 v
b1 $"
0"
0A
b0 ~
b110010111 3"
15
#13160000
05
#13165000
b1 6
b1 :
b10 #"
1"
b1 ~
b110011000 3"
15
#13170000
05
#13175000
bx 6
bx :
b11110 #"
b1111001000001001 z
b1 x
0"
b10 ~
b110011001 3"
15
#13180000
05
#13185000
b0 6
b0 :
b0 #"
1"
b1111001000001001 $
b1111001000001001 !"
b1111001000001001 w
b1 y
b11110 ~
b110011010 3"
15
#13190000
05
#13195000
bx 6
bx :
b1 #"
0"
b0 ~
b110011011 3"
15
#13200000
05
#13205000
b0 6
b0 :
b10 #"
1"
b1 ~
b110011100 3"
15
#13210000
05
#13215000
bx 6
bx :
b11 #"
b1111001000001010 z
b0 x
0"
b10 ~
b110011101 3"
15
#13220000
05
#13225000
b11110001 6
b11110001 :
b100 #"
1"
b1111001000001010 $
b1111001000001010 !"
b1111001000001010 w
b0 y
b11 ~
b110011110 3"
15
#13230000
05
#13235000
b1001 6
b1001 :
b101 #"
b1111001000001011 $
b1111001000001011 !"
b1111001000001011 w
b1111001000001011 z
b11110001 x
1"
b100 ~
b110011111 3"
15
#13240000
05
#13245000
bx 6
bx :
b110 #"
b1111001000001100 z
b1001 x
b11110001 |
0"
b101 ~
b110100000 3"
15
#13250000
05
#13255000
b0 6
b0 :
b111 #"
1"
b1111000100001001 $
b1111000100001001 !"
b1111000100001001 w
b110 ~
b110100001 3"
15
#13260000
05
#13265000
bx 6
bx :
b0 #"
b0 x
0"
b111 ~
b110100010 3"
15
#13270000
05
#13275000
1;
b0 >
b0 *"
b1 #"
b0 v
b0 $"
b0 ~
b110100011 3"
15
#13280000
05
#13285000
b110 6
b110 :
b10 #"
1"
b1111001000001100 $
b1111001000001100 !"
b1111001000001100 w
b1 ~
b110100100 3"
15
#13290000
05
#13295000
bx 6
bx :
b100000 #"
b1111001000001101 z
b110 x
0"
b10 ~
b110100101 3"
15
#13300000
05
#13305000
b0 6
b0 :
b0 #"
1"
b1111001000001101 $
b1111001000001101 !"
b1111001000001101 w
b110 y
b100000 ~
b110100110 3"
15
#13310000
05
#13315000
bx 6
bx :
b1 #"
0"
b0 ~
b110100111 3"
15
#13320000
05
#13325000
b0 6
b0 :
b10 #"
1"
b1 ~
b110101000 3"
15
#13330000
05
#13335000
bx 6
bx :
b10000 #"
b1111001000001110 z
b0 x
0"
b10 ~
b110101001 3"
15
#13340000
05
#13345000
b11110010 6
b11110010 :
b10001 #"
1"
b1111001000001110 $
b1111001000001110 !"
b1111001000001110 w
b0 y
b10000 ~
b110101010 3"
15
#13350000
05
#13355000
b100 6
b100 :
b10010 #"
b1111001000001111 $
b1111001000001111 !"
b1111001000001111 w
b11110010 x
1"
b10001 ~
b110101011 3"
15
#13360000
05
#13365000
bx 6
bx :
b0 #"
b100 x
b11110010 |
0"
b10010 ~
b110101100 3"
15
#13370000
05
#13375000
b1 #"
b1111001000000100 z
b0 ~
b110101101 3"
15
#13380000
05
#13385000
b0 6
b0 :
b10 #"
1"
b1111001000000100 $
b1111001000000100 !"
b1111001000000100 w
b1 ~
b110101110 3"
15
#13390000
05
#13395000
bx 6
bx :
b100000 #"
b1111001000000101 z
b0 x
0"
b10 ~
b110101111 3"
15
#13400000
05
#13405000
b11110000 6
b11110000 :
b0 #"
1"
b1111001000000101 $
b1111001000000101 !"
b1111001000000101 w
b100000 ~
b110110000 3"
15
#13410000
05
#13415000
bx 6
bx :
b1 #"
0"
b0 ~
b110110001 3"
15
#13420000
05
#13425000
b11110000 6
b11110000 :
b10 #"
1"
b1 ~
b110110010 3"
15
#13430000
05
#13435000
bx 6
bx :
b100000 #"
b1111001000000110 z
b11110000 x
0"
b10 ~
b110110011 3"
15
#13440000
05
#13445000
b1010 6
b1010 :
b0 #"
1"
b1111001000000110 $
b1111001000000110 !"
b1111001000000110 w
b11110000 y
b100000 ~
b110110100 3"
15
#13450000
05
#13455000
bx 6
bx :
b1 #"
0"
b0 ~
b110110101 3"
15
#13460000
05
#13465000
b1010 6
b1010 :
b10 #"
1"
b1 ~
b110110110 3"
15
#13470000
05
#13475000
bx 6
bx :
b100000 #"
b1111001000000111 z
b1010 x
0"
b10 ~
b110110111 3"
15
#13480000
05
#13485000
b11 6
b11 :
b0 #"
1"
b1111001000000111 $
b1111001000000111 !"
b1111001000000111 w
b1010 y
b100000 ~
b110111000 3"
15
#13490000
05
#13495000
bx 6
bx :
b1 #"
0"
b0 ~
b110111001 3"
15
#13500000
05
#13505000
b11 6
b11 :
b10 #"
1"
b1 ~
b110111010 3"
15
#13510000
05
#13515000
bx 6
bx :
b11000 #"
b1111001000001000 z
b11 x
0"
b10 ~
b110111011 3"
15
#13520000
05
#13525000
0;
b1 >
b1 *"
b1 )"
1&"
b1 6
b1 :
b0 #"
1"
b1111001000001000 $
b1111001000001000 !"
b1111001000001000 w
b11 y
1A
b11000 ~
b110111100 3"
15
#13530000
05
#13535000
b0 )"
0&"
bx 6
bx :
b1 #"
b1 v
b1 $"
0"
0A
b0 ~
b110111101 3"
15
#13540000
05
#13545000
b1 6
b1 :
b10 #"
1"
b1 ~
b110111110 3"
15
#13550000
05
#13555000
bx 6
bx :
b11110 #"
b1111001000001001 z
b1 x
0"
b10 ~
b110111111 3"
15
#13560000
05
#13565000
b0 6
b0 :
b0 #"
1"
b1111001000001001 $
b1111001000001001 !"
b1111001000001001 w
b1 y
b11110 ~
b111000000 3"
15
#13570000
05
#13575000
bx 6
bx :
b1 #"
0"
b0 ~
b111000001 3"
15
#13580000
05
#13585000
b0 6
b0 :
b10 #"
1"
b1 ~
b111000010 3"
15
#13590000
05
#13595000
bx 6
bx :
b11 #"
b1111001000001010 z
b0 x
0"
b10 ~
b111000011 3"
15
#13600000
05
#13605000
b11110001 6
b11110001 :
b100 #"
1"
b1111001000001010 $
b1111001000001010 !"
b1111001000001010 w
b0 y
b11 ~
b111000100 3"
15
#13610000
05
#13615000
b1001 6
b1001 :
b101 #"
b1111001000001011 $
b1111001000001011 !"
b1111001000001011 w
b1111001000001011 z
b11110001 x
1"
b100 ~
b111000101 3"
15
#13620000
05
#13625000
bx 6
bx :
b110 #"
b1111001000001100 z
b1001 x
b11110001 |
0"
b101 ~
b111000110 3"
15
#13630000
05
#13635000
b0 6
b0 :
b111 #"
1"
b1111000100001001 $
b1111000100001001 !"
b1111000100001001 w
b110 ~
b111000111 3"
15
#13640000
05
#13645000
bx 6
bx :
b0 #"
b0 x
0"
b111 ~
b111001000 3"
15
#13650000
05
#13655000
1;
b0 >
b0 *"
b1 #"
b0 v
b0 $"
b0 ~
b111001001 3"
15
#13660000
05
#13665000
b110 6
b110 :
b10 #"
1"
b1111001000001100 $
b1111001000001100 !"
b1111001000001100 w
b1 ~
b111001010 3"
15
#13670000
05
#13675000
bx 6
bx :
b100000 #"
b1111001000001101 z
b110 x
0"
b10 ~
b111001011 3"
15
#13680000
05
#13685000
b0 6
b0 :
b0 #"
1"
b1111001000001101 $
b1111001000001101 !"
b1111001000001101 w
b110 y
b100000 ~
b111001100 3"
15
#13690000
05
#13695000
bx 6
bx :
b1 #"
0"
b0 ~
b111001101 3"
15
#13700000
05
#13705000
b0 6
b0 :
b10 #"
1"
b1 ~
b111001110 3"
15
#13710000
05
#13715000
bx 6
bx :
b10000 #"
b1111001000001110 z
b0 x
0"
b10 ~
b111001111 3"
15
#13720000
05
#13725000
b11110010 6
b11110010 :
b10001 #"
1"
b1111001000001110 $
b1111001000001110 !"
b1111001000001110 w
b0 y
b10000 ~
b111010000 3"
15
#13730000
05
#13735000
b100 6
b100 :
b10010 #"
b1111001000001111 $
b1111001000001111 !"
b1111001000001111 w
b11110010 x
1"
b10001 ~
b111010001 3"
15
#13740000
05
#13745000
bx 6
bx :
b0 #"
b100 x
b11110010 |
0"
b10010 ~
b111010010 3"
15
#13750000
05
#13755000
b1 #"
b1111001000000100 z
b0 ~
b111010011 3"
15
#13760000
05
#13765000
b0 6
b0 :
b10 #"
1"
b1111001000000100 $
b1111001000000100 !"
b1111001000000100 w
b1 ~
b111010100 3"
15
#13770000
05
#13775000
bx 6
bx :
b100000 #"
b1111001000000101 z
b0 x
0"
b10 ~
b111010101 3"
15
#13780000
05
#13785000
b11110000 6
b11110000 :
b0 #"
1"
b1111001000000101 $
b1111001000000101 !"
b1111001000000101 w
b100000 ~
b111010110 3"
15
#13790000
05
#13795000
bx 6
bx :
b1 #"
0"
b0 ~
b111010111 3"
15
#13800000
05
#13805000
b11110000 6
b11110000 :
b10 #"
1"
b1 ~
b111011000 3"
15
#13810000
05
#13815000
bx 6
bx :
b100000 #"
b1111001000000110 z
b11110000 x
0"
b10 ~
b111011001 3"
15
#13820000
05
#13825000
b1010 6
b1010 :
b0 #"
1"
b1111001000000110 $
b1111001000000110 !"
b1111001000000110 w
b11110000 y
b100000 ~
b111011010 3"
15
#13830000
05
#13835000
bx 6
bx :
b1 #"
0"
b0 ~
b111011011 3"
15
#13840000
05
#13845000
b1010 6
b1010 :
b10 #"
1"
b1 ~
b111011100 3"
15
#13850000
05
#13855000
bx 6
bx :
b100000 #"
b1111001000000111 z
b1010 x
0"
b10 ~
b111011101 3"
15
#13860000
05
#13865000
b11 6
b11 :
b0 #"
1"
b1111001000000111 $
b1111001000000111 !"
b1111001000000111 w
b1010 y
b100000 ~
b111011110 3"
15
#13870000
05
#13875000
bx 6
bx :
b1 #"
0"
b0 ~
b111011111 3"
15
#13880000
05
#13885000
b11 6
b11 :
b10 #"
1"
b1 ~
b111100000 3"
15
#13890000
05
#13895000
bx 6
bx :
b11000 #"
b1111001000001000 z
b11 x
0"
b10 ~
b111100001 3"
15
#13900000
05
#13905000
0;
b1 >
b1 *"
b1 )"
1&"
b1 6
b1 :
b0 #"
1"
b1111001000001000 $
b1111001000001000 !"
b1111001000001000 w
b11 y
1A
b11000 ~
b111100010 3"
15
#13910000
05
#13915000
b0 )"
0&"
bx 6
bx :
b1 #"
b1 v
b1 $"
0"
0A
b0 ~
b111100011 3"
15
#13920000
05
#13925000
b1 6
b1 :
b10 #"
1"
b1 ~
b111100100 3"
15
#13930000
05
#13935000
bx 6
bx :
b11110 #"
b1111001000001001 z
b1 x
0"
b10 ~
b111100101 3"
15
#13940000
05
#13945000
b0 6
b0 :
b0 #"
1"
b1111001000001001 $
b1111001000001001 !"
b1111001000001001 w
b1 y
b11110 ~
b111100110 3"
15
#13950000
05
#13955000
bx 6
bx :
b1 #"
0"
b0 ~
b111100111 3"
15
#13960000
05
#13965000
b0 6
b0 :
b10 #"
1"
b1 ~
b111101000 3"
15
#13970000
05
#13975000
bx 6
bx :
b11 #"
b1111001000001010 z
b0 x
0"
b10 ~
b111101001 3"
15
#13980000
05
#13985000
b11110001 6
b11110001 :
b100 #"
1"
b1111001000001010 $
b1111001000001010 !"
b1111001000001010 w
b0 y
b11 ~
b111101010 3"
15
#13990000
05
#13995000
b1001 6
b1001 :
b101 #"
b1111001000001011 $
b1111001000001011 !"
b1111001000001011 w
b1111001000001011 z
b11110001 x
1"
b100 ~
b111101011 3"
15
#14000000
05
#14005000
bx 6
bx :
b110 #"
b1111001000001100 z
b1001 x
b11110001 |
0"
b101 ~
b111101100 3"
15
#14010000
05
#14015000
b0 6
b0 :
b111 #"
1"
b1111000100001001 $
b1111000100001001 !"
b1111000100001001 w
b110 ~
b111101101 3"
15
#14020000
05
#14025000
bx 6
bx :
b0 #"
b0 x
0"
b111 ~
b111101110 3"
15
#14030000
05
#14035000
1;
b0 >
b0 *"
b1 #"
b0 v
b0 $"
b0 ~
b111101111 3"
15
#14040000
05
#14045000
b110 6
b110 :
b10 #"
1"
b1111001000001100 $
b1111001000001100 !"
b1111001000001100 w
b1 ~
b111110000 3"
15
#14050000
05
#14055000
bx 6
bx :
b100000 #"
b1111001000001101 z
b110 x
0"
b10 ~
b111110001 3"
15
#14060000
05
#14065000
b0 6
b0 :
b0 #"
1"
b1111001000001101 $
b1111001000001101 !"
b1111001000001101 w
b110 y
b100000 ~
b111110010 3"
15
#14070000
05
#14075000
bx 6
bx :
b1 #"
0"
b0 ~
b111110011 3"
15
#14080000
05
#14085000
b0 6
b0 :
b10 #"
1"
b1 ~
b111110100 3"
15
#14090000
05
#14095000
bx 6
bx :
b10000 #"
b1111001000001110 z
b0 x
0"
b10 ~
b111110101 3"
15
#14100000
05
#14105000
b11110010 6
b11110010 :
b10001 #"
1"
b1111001000001110 $
b1111001000001110 !"
b1111001000001110 w
b0 y
b10000 ~
b111110110 3"
15
#14110000
05
#14115000
b100 6
b100 :
b10010 #"
b1111001000001111 $
b1111001000001111 !"
b1111001000001111 w
b11110010 x
1"
b10001 ~
b111110111 3"
15
#14120000
05
#14125000
bx 6
bx :
b0 #"
b100 x
b11110010 |
0"
b10010 ~
b111111000 3"
15
#14130000
05
#14135000
b1 #"
b1111001000000100 z
b0 ~
b111111001 3"
15
#14140000
05
#14145000
b0 6
b0 :
b10 #"
1"
b1111001000000100 $
b1111001000000100 !"
b1111001000000100 w
b1 ~
b111111010 3"
15
#14150000
05
#14155000
bx 6
bx :
b100000 #"
b1111001000000101 z
b0 x
0"
b10 ~
b111111011 3"
15
#14160000
05
#14165000
b11110000 6
b11110000 :
b0 #"
1"
b1111001000000101 $
b1111001000000101 !"
b1111001000000101 w
b100000 ~
b111111100 3"
15
#14170000
05
#14175000
bx 6
bx :
b1 #"
0"
b0 ~
b111111101 3"
15
#14180000
05
#14185000
b11110000 6
b11110000 :
b10 #"
1"
b1 ~
b111111110 3"
15
#14190000
05
#14195000
bx 6
bx :
b100000 #"
b1111001000000110 z
b11110000 x
0"
b10 ~
b111111111 3"
15
#14200000
05
#14205000
b1010 6
b1010 :
b0 #"
1"
b1111001000000110 $
b1111001000000110 !"
b1111001000000110 w
b11110000 y
b100000 ~
b1000000000 3"
15
#14210000
05
#14215000
bx 6
bx :
b1 #"
0"
b0 ~
b1000000001 3"
15
#14220000
05
#14225000
b1010 6
b1010 :
b10 #"
1"
b1 ~
b1000000010 3"
15
#14230000
05
#14235000
bx 6
bx :
b100000 #"
b1111001000000111 z
b1010 x
0"
b10 ~
b1000000011 3"
15
#14240000
05
#14245000
b11 6
b11 :
b0 #"
1"
b1111001000000111 $
b1111001000000111 !"
b1111001000000111 w
b1010 y
b100000 ~
b1000000100 3"
15
#14250000
05
#14255000
bx 6
bx :
b1 #"
0"
b0 ~
b1000000101 3"
15
#14260000
05
#14265000
b11 6
b11 :
b10 #"
1"
b1 ~
b1000000110 3"
15
#14270000
05
#14275000
bx 6
bx :
b11000 #"
b1111001000001000 z
b11 x
0"
b10 ~
b1000000111 3"
15
#14280000
05
#14285000
0;
b1 >
b1 *"
b1 )"
1&"
b1 6
b1 :
b0 #"
1"
b1111001000001000 $
b1111001000001000 !"
b1111001000001000 w
b11 y
1A
b11000 ~
b1000001000 3"
15
#14290000
05
#14295000
b0 )"
0&"
bx 6
bx :
b1 #"
b1 v
b1 $"
0"
0A
b0 ~
b1000001001 3"
15
#14300000
05
#14305000
b1 6
b1 :
b10 #"
1"
b1 ~
b1000001010 3"
15
#14310000
05
#14315000
bx 6
bx :
b11110 #"
b1111001000001001 z
b1 x
0"
b10 ~
b1000001011 3"
15
#14320000
05
#14325000
b0 6
b0 :
b0 #"
1"
b1111001000001001 $
b1111001000001001 !"
b1111001000001001 w
b1 y
b11110 ~
b1000001100 3"
15
#14330000
05
#14335000
bx 6
bx :
b1 #"
0"
b0 ~
b1000001101 3"
15
#14340000
05
#14345000
b0 6
b0 :
b10 #"
1"
b1 ~
b1000001110 3"
15
#14350000
05
#14355000
bx 6
bx :
b11 #"
b1111001000001010 z
b0 x
0"
b10 ~
b1000001111 3"
15
#14360000
05
#14365000
b11110001 6
b11110001 :
b100 #"
1"
b1111001000001010 $
b1111001000001010 !"
b1111001000001010 w
b0 y
b11 ~
b1000010000 3"
15
#14370000
05
#14375000
b1001 6
b1001 :
b101 #"
b1111001000001011 $
b1111001000001011 !"
b1111001000001011 w
b1111001000001011 z
b11110001 x
1"
b100 ~
b1000010001 3"
15
#14380000
05
#14385000
bx 6
bx :
b110 #"
b1111001000001100 z
b1001 x
b11110001 |
0"
b101 ~
b1000010010 3"
15
#14390000
05
#14395000
b0 6
b0 :
b111 #"
1"
b1111000100001001 $
b1111000100001001 !"
b1111000100001001 w
b110 ~
b1000010011 3"
15
#14400000
05
#14405000
bx 6
bx :
b0 #"
b0 x
0"
b111 ~
b1000010100 3"
15
#14410000
05
#14415000
1;
b0 >
b0 *"
b1 #"
b0 v
b0 $"
b0 ~
b1000010101 3"
15
#14420000
05
#14425000
b110 6
b110 :
b10 #"
1"
b1111001000001100 $
b1111001000001100 !"
b1111001000001100 w
b1 ~
b1000010110 3"
15
#14430000
05
#14435000
bx 6
bx :
b100000 #"
b1111001000001101 z
b110 x
0"
b10 ~
b1000010111 3"
15
#14440000
05
#14445000
b0 6
b0 :
b0 #"
1"
b1111001000001101 $
b1111001000001101 !"
b1111001000001101 w
b110 y
b100000 ~
b1000011000 3"
15
#14450000
05
#14455000
bx 6
bx :
b1 #"
0"
b0 ~
b1000011001 3"
15
#14460000
05
#14465000
b0 6
b0 :
b10 #"
1"
b1 ~
b1000011010 3"
15
#14470000
05
#14475000
bx 6
bx :
b10000 #"
b1111001000001110 z
b0 x
0"
b10 ~
b1000011011 3"
15
#14480000
05
#14485000
b11110010 6
b11110010 :
b10001 #"
1"
b1111001000001110 $
b1111001000001110 !"
b1111001000001110 w
b0 y
b10000 ~
b1000011100 3"
15
#14490000
05
#14495000
b100 6
b100 :
b10010 #"
b1111001000001111 $
b1111001000001111 !"
b1111001000001111 w
b11110010 x
1"
b10001 ~
b1000011101 3"
15
#14500000
05
#14505000
bx 6
bx :
b0 #"
b100 x
b11110010 |
0"
b10010 ~
b1000011110 3"
15
#14510000
05
#14515000
b1 #"
b1111001000000100 z
b0 ~
b1000011111 3"
15
#14520000
05
#14525000
b0 6
b0 :
b10 #"
1"
b1111001000000100 $
b1111001000000100 !"
b1111001000000100 w
b1 ~
b1000100000 3"
15
#14530000
05
#14535000
bx 6
bx :
b100000 #"
b1111001000000101 z
b0 x
0"
b10 ~
b1000100001 3"
15
#14540000
05
#14545000
b11110000 6
b11110000 :
b0 #"
1"
b1111001000000101 $
b1111001000000101 !"
b1111001000000101 w
b100000 ~
b1000100010 3"
15
#14550000
05
#14555000
bx 6
bx :
b1 #"
0"
b0 ~
b1000100011 3"
15
#14560000
05
#14565000
b11110000 6
b11110000 :
b10 #"
1"
b1 ~
b1000100100 3"
15
#14570000
05
#14575000
bx 6
bx :
b100000 #"
b1111001000000110 z
b11110000 x
0"
b10 ~
b1000100101 3"
15
#14580000
05
#14585000
b1010 6
b1010 :
b0 #"
1"
b1111001000000110 $
b1111001000000110 !"
b1111001000000110 w
b11110000 y
b100000 ~
b1000100110 3"
15
#14590000
05
#14595000
bx 6
bx :
b1 #"
0"
b0 ~
b1000100111 3"
15
#14600000
05
#14605000
b1010 6
b1010 :
b10 #"
1"
b1 ~
b1000101000 3"
15
#14610000
05
#14615000
bx 6
bx :
b100000 #"
b1111001000000111 z
b1010 x
0"
b10 ~
b1000101001 3"
15
#14620000
05
#14625000
b11 6
b11 :
b0 #"
1"
b1111001000000111 $
b1111001000000111 !"
b1111001000000111 w
b1010 y
b100000 ~
b1000101010 3"
15
#14630000
05
#14635000
bx 6
bx :
b1 #"
0"
b0 ~
b1000101011 3"
15
#14640000
05
#14645000
b11 6
b11 :
b10 #"
1"
b1 ~
b1000101100 3"
15
#14650000
05
#14655000
bx 6
bx :
b11000 #"
b1111001000001000 z
b11 x
0"
b10 ~
b1000101101 3"
15
#14660000
05
#14665000
0;
b1 >
b1 *"
b1 )"
1&"
b1 6
b1 :
b0 #"
1"
b1111001000001000 $
b1111001000001000 !"
b1111001000001000 w
b11 y
1A
b11000 ~
b1000101110 3"
15
#14670000
05
#14675000
b0 )"
0&"
bx 6
bx :
b1 #"
b1 v
b1 $"
0"
0A
b0 ~
b1000101111 3"
15
#14680000
05
#14685000
b1 6
b1 :
b10 #"
1"
b1 ~
b1000110000 3"
15
#14690000
05
#14695000
bx 6
bx :
b11110 #"
b1111001000001001 z
b1 x
0"
b10 ~
b1000110001 3"
15
#14700000
05
#14705000
b0 6
b0 :
b0 #"
1"
b1111001000001001 $
b1111001000001001 !"
b1111001000001001 w
b1 y
b11110 ~
b1000110010 3"
15
#14710000
05
#14715000
bx 6
bx :
b1 #"
0"
b0 ~
b1000110011 3"
15
#14720000
05
#14725000
b0 6
b0 :
b10 #"
1"
b1 ~
b1000110100 3"
15
#14730000
05
#14735000
bx 6
bx :
b11 #"
b1111001000001010 z
b0 x
0"
b10 ~
b1000110101 3"
15
#14740000
05
#14745000
b11110001 6
b11110001 :
b100 #"
1"
b1111001000001010 $
b1111001000001010 !"
b1111001000001010 w
b0 y
b11 ~
b1000110110 3"
15
#14750000
05
#14755000
b1001 6
b1001 :
b101 #"
b1111001000001011 $
b1111001000001011 !"
b1111001000001011 w
b1111001000001011 z
b11110001 x
1"
b100 ~
b1000110111 3"
15
#14760000
05
#14765000
bx 6
bx :
b110 #"
b1111001000001100 z
b1001 x
b11110001 |
0"
b101 ~
b1000111000 3"
15
#14770000
05
#14775000
b0 6
b0 :
b111 #"
1"
b1111000100001001 $
b1111000100001001 !"
b1111000100001001 w
b110 ~
b1000111001 3"
15
#14780000
05
#14785000
bx 6
bx :
b0 #"
b0 x
0"
b111 ~
b1000111010 3"
15
#14790000
05
#14795000
1;
b0 >
b0 *"
b1 #"
b0 v
b0 $"
b0 ~
b1000111011 3"
15
#14800000
05
#14805000
b110 6
b110 :
b10 #"
1"
b1111001000001100 $
b1111001000001100 !"
b1111001000001100 w
b1 ~
b1000111100 3"
15
#14810000
05
#14815000
bx 6
bx :
b100000 #"
b1111001000001101 z
b110 x
0"
b10 ~
b1000111101 3"
15
#14820000
05
#14825000
b0 6
b0 :
b0 #"
1"
b1111001000001101 $
b1111001000001101 !"
b1111001000001101 w
b110 y
b100000 ~
b1000111110 3"
15
#14830000
05
#14835000
bx 6
bx :
b1 #"
0"
b0 ~
b1000111111 3"
15
#14840000
05
#14845000
b0 6
b0 :
b10 #"
1"
b1 ~
b1001000000 3"
15
#14850000
05
#14855000
bx 6
bx :
b10000 #"
b1111001000001110 z
b0 x
0"
b10 ~
b1001000001 3"
15
#14860000
05
#14865000
b11110010 6
b11110010 :
b10001 #"
1"
b1111001000001110 $
b1111001000001110 !"
b1111001000001110 w
b0 y
b10000 ~
b1001000010 3"
15
#14870000
05
#14875000
b100 6
b100 :
b10010 #"
b1111001000001111 $
b1111001000001111 !"
b1111001000001111 w
b11110010 x
1"
b10001 ~
b1001000011 3"
15
#14880000
05
#14885000
bx 6
bx :
b0 #"
b100 x
b11110010 |
0"
b10010 ~
b1001000100 3"
15
#14890000
05
#14895000
b1 #"
b1111001000000100 z
b0 ~
b1001000101 3"
15
#14900000
05
#14905000
b0 6
b0 :
b10 #"
1"
b1111001000000100 $
b1111001000000100 !"
b1111001000000100 w
b1 ~
b1001000110 3"
15
#14910000
05
#14915000
bx 6
bx :
b100000 #"
b1111001000000101 z
b0 x
0"
b10 ~
b1001000111 3"
15
#14920000
05
#14925000
b11110000 6
b11110000 :
b0 #"
1"
b1111001000000101 $
b1111001000000101 !"
b1111001000000101 w
b100000 ~
b1001001000 3"
15
#14930000
05
#14935000
bx 6
bx :
b1 #"
0"
b0 ~
b1001001001 3"
15
#14940000
05
#14945000
b11110000 6
b11110000 :
b10 #"
1"
b1 ~
b1001001010 3"
15
#14950000
05
#14955000
bx 6
bx :
b100000 #"
b1111001000000110 z
b11110000 x
0"
b10 ~
b1001001011 3"
15
#14960000
05
#14965000
b1010 6
b1010 :
b0 #"
1"
b1111001000000110 $
b1111001000000110 !"
b1111001000000110 w
b11110000 y
b100000 ~
b1001001100 3"
15
#14970000
05
#14975000
bx 6
bx :
b1 #"
0"
b0 ~
b1001001101 3"
15
#14980000
05
#14985000
b1010 6
b1010 :
b10 #"
1"
b1 ~
b1001001110 3"
15
#14990000
05
#14995000
bx 6
bx :
b100000 #"
b1111001000000111 z
b1010 x
0"
b10 ~
b1001001111 3"
15
#15000000
05
#15005000
b11 6
b11 :
b0 #"
1"
b1111001000000111 $
b1111001000000111 !"
b1111001000000111 w
b1010 y
b100000 ~
b1001010000 3"
15
#15010000
05
#15015000
bx 6
bx :
b1 #"
0"
b0 ~
b1001010001 3"
15
#15020000
05
#15025000
b11 6
b11 :
b10 #"
1"
b1 ~
b1001010010 3"
15
#15030000
05
#15035000
bx 6
bx :
b11000 #"
b1111001000001000 z
b11 x
0"
b10 ~
b1001010011 3"
15
#15040000
05
#15045000
0;
b1 >
b1 *"
b1 )"
1&"
b1 6
b1 :
b0 #"
1"
b1111001000001000 $
b1111001000001000 !"
b1111001000001000 w
b11 y
1A
b11000 ~
b1001010100 3"
15
#15050000
05
#15055000
b0 )"
0&"
bx 6
bx :
b1 #"
b1 v
b1 $"
0"
0A
b0 ~
b1001010101 3"
15
#15060000
05
#15065000
b1 6
b1 :
b10 #"
1"
b1 ~
b1001010110 3"
15
#15070000
05
#15075000
bx 6
bx :
b11110 #"
b1111001000001001 z
b1 x
0"
b10 ~
b1001010111 3"
15
#15080000
05
#15085000
b0 6
b0 :
b0 #"
1"
b1111001000001001 $
b1111001000001001 !"
b1111001000001001 w
b1 y
b11110 ~
b1001011000 3"
15
#15090000
05
#15095000
bx 6
bx :
b1 #"
0"
b0 ~
b1001011001 3"
15
#15100000
05
#15105000
b0 6
b0 :
b10 #"
1"
b1 ~
b1001011010 3"
15
#15110000
05
#15115000
bx 6
bx :
b11 #"
b1111001000001010 z
b0 x
0"
b10 ~
b1001011011 3"
15
#15120000
05
#15125000
b11110001 6
b11110001 :
b100 #"
1"
b1111001000001010 $
b1111001000001010 !"
b1111001000001010 w
b0 y
b11 ~
b1001011100 3"
15
#15130000
05
#15135000
b1001 6
b1001 :
b101 #"
b1111001000001011 $
b1111001000001011 !"
b1111001000001011 w
b1111001000001011 z
b11110001 x
1"
b100 ~
b1001011101 3"
15
#15140000
05
#15145000
bx 6
bx :
b110 #"
b1111001000001100 z
b1001 x
b11110001 |
0"
b101 ~
b1001011110 3"
15
#15150000
05
#15155000
b0 6
b0 :
b111 #"
1"
b1111000100001001 $
b1111000100001001 !"
b1111000100001001 w
b110 ~
b1001011111 3"
15
#15160000
05
#15165000
bx 6
bx :
b0 #"
b0 x
0"
b111 ~
b1001100000 3"
15
#15170000
05
#15175000
1;
b0 >
b0 *"
b1 #"
b0 v
b0 $"
b0 ~
b1001100001 3"
15
#15180000
05
#15185000
b110 6
b110 :
b10 #"
1"
b1111001000001100 $
b1111001000001100 !"
b1111001000001100 w
b1 ~
b1001100010 3"
15
#15190000
05
#15195000
bx 6
bx :
b100000 #"
b1111001000001101 z
b110 x
0"
b10 ~
b1001100011 3"
15
#15200000
05
#15205000
b0 6
b0 :
b0 #"
1"
b1111001000001101 $
b1111001000001101 !"
b1111001000001101 w
b110 y
b100000 ~
b1001100100 3"
15
#15210000
05
#15215000
bx 6
bx :
b1 #"
0"
b0 ~
b1001100101 3"
15
#15220000
05
#15225000
b0 6
b0 :
b10 #"
1"
b1 ~
b1001100110 3"
15
#15230000
05
#15235000
bx 6
bx :
b10000 #"
b1111001000001110 z
b0 x
0"
b10 ~
b1001100111 3"
15
#15240000
05
#15245000
b11110010 6
b11110010 :
b10001 #"
1"
b1111001000001110 $
b1111001000001110 !"
b1111001000001110 w
b0 y
b10000 ~
b1001101000 3"
15
#15250000
05
#15255000
b100 6
b100 :
b10010 #"
b1111001000001111 $
b1111001000001111 !"
b1111001000001111 w
b11110010 x
1"
b10001 ~
b1001101001 3"
15
#15260000
05
#15265000
bx 6
bx :
b0 #"
b100 x
b11110010 |
0"
b10010 ~
b1001101010 3"
15
#15270000
05
#15275000
b1 #"
b1111001000000100 z
b0 ~
b1001101011 3"
15
#15280000
05
#15285000
b0 6
b0 :
b10 #"
1"
b1111001000000100 $
b1111001000000100 !"
b1111001000000100 w
b1 ~
b1001101100 3"
15
#15290000
05
#15295000
bx 6
bx :
b100000 #"
b1111001000000101 z
b0 x
0"
b10 ~
b1001101101 3"
15
#15300000
05
#15305000
b11110000 6
b11110000 :
b0 #"
1"
b1111001000000101 $
b1111001000000101 !"
b1111001000000101 w
b100000 ~
b1001101110 3"
15
#15310000
05
#15315000
bx 6
bx :
b1 #"
0"
b0 ~
b1001101111 3"
15
#15320000
05
#15325000
b11110000 6
b11110000 :
b10 #"
1"
b1 ~
b1001110000 3"
15
#15330000
05
#15335000
bx 6
bx :
b100000 #"
b1111001000000110 z
b11110000 x
0"
b10 ~
b1001110001 3"
15
#15340000
05
#15345000
b1010 6
b1010 :
b0 #"
1"
b1111001000000110 $
b1111001000000110 !"
b1111001000000110 w
b11110000 y
b100000 ~
b1001110010 3"
15
#15350000
05
#15355000
bx 6
bx :
b1 #"
0"
b0 ~
b1001110011 3"
15
#15360000
05
#15365000
b1010 6
b1010 :
b10 #"
1"
b1 ~
b1001110100 3"
15
#15370000
05
#15375000
bx 6
bx :
b100000 #"
b1111001000000111 z
b1010 x
0"
b10 ~
b1001110101 3"
15
#15380000
05
#15385000
b11 6
b11 :
b0 #"
1"
b1111001000000111 $
b1111001000000111 !"
b1111001000000111 w
b1010 y
b100000 ~
b1001110110 3"
15
#15390000
05
#15395000
bx 6
bx :
b1 #"
0"
b0 ~
b1001110111 3"
15
#15400000
05
#15405000
b11 6
b11 :
b10 #"
1"
b1 ~
b1001111000 3"
15
#15410000
05
#15415000
bx 6
bx :
b11000 #"
b1111001000001000 z
b11 x
0"
b10 ~
b1001111001 3"
15
#15420000
05
#15425000
0;
b1 >
b1 *"
b1 )"
1&"
b1 6
b1 :
b0 #"
1"
b1111001000001000 $
b1111001000001000 !"
b1111001000001000 w
b11 y
1A
b11000 ~
b1001111010 3"
15
#15430000
05
#15435000
b0 )"
0&"
bx 6
bx :
b1 #"
b1 v
b1 $"
0"
0A
b0 ~
b1001111011 3"
15
#15440000
05
#15445000
b1 6
b1 :
b10 #"
1"
b1 ~
b1001111100 3"
15
#15450000
05
#15455000
bx 6
bx :
b11110 #"
b1111001000001001 z
b1 x
0"
b10 ~
b1001111101 3"
15
#15460000
05
#15465000
b0 6
b0 :
b0 #"
1"
b1111001000001001 $
b1111001000001001 !"
b1111001000001001 w
b1 y
b11110 ~
b1001111110 3"
15
#15470000
05
#15475000
bx 6
bx :
b1 #"
0"
b0 ~
b1001111111 3"
15
#15480000
05
#15485000
b0 6
b0 :
b10 #"
1"
b1 ~
b1010000000 3"
15
#15490000
05
#15495000
bx 6
bx :
b11 #"
b1111001000001010 z
b0 x
0"
b10 ~
b1010000001 3"
15
#15500000
05
#15505000
b11110001 6
b11110001 :
b100 #"
1"
b1111001000001010 $
b1111001000001010 !"
b1111001000001010 w
b0 y
b11 ~
b1010000010 3"
15
#15510000
05
#15515000
b1001 6
b1001 :
b101 #"
b1111001000001011 $
b1111001000001011 !"
b1111001000001011 w
b1111001000001011 z
b11110001 x
1"
b100 ~
b1010000011 3"
15
#15520000
05
#15525000
bx 6
bx :
b110 #"
b1111001000001100 z
b1001 x
b11110001 |
0"
b101 ~
b1010000100 3"
15
#15530000
05
#15535000
b0 6
b0 :
b111 #"
1"
b1111000100001001 $
b1111000100001001 !"
b1111000100001001 w
b110 ~
b1010000101 3"
15
#15540000
05
#15545000
bx 6
bx :
b0 #"
b0 x
0"
b111 ~
b1010000110 3"
15
#15550000
05
#15555000
1;
b0 >
b0 *"
b1 #"
b0 v
b0 $"
b0 ~
b1010000111 3"
15
#15560000
05
#15565000
b110 6
b110 :
b10 #"
1"
b1111001000001100 $
b1111001000001100 !"
b1111001000001100 w
b1 ~
b1010001000 3"
15
#15570000
05
#15575000
bx 6
bx :
b100000 #"
b1111001000001101 z
b110 x
0"
b10 ~
b1010001001 3"
15
#15580000
05
#15585000
b0 6
b0 :
b0 #"
1"
b1111001000001101 $
b1111001000001101 !"
b1111001000001101 w
b110 y
b100000 ~
b1010001010 3"
15
#15590000
05
#15595000
bx 6
bx :
b1 #"
0"
b0 ~
b1010001011 3"
15
#15600000
05
#15605000
b0 6
b0 :
b10 #"
1"
b1 ~
b1010001100 3"
15
#15610000
05
#15615000
bx 6
bx :
b10000 #"
b1111001000001110 z
b0 x
0"
b10 ~
b1010001101 3"
15
#15620000
05
#15625000
b11110010 6
b11110010 :
b10001 #"
1"
b1111001000001110 $
b1111001000001110 !"
b1111001000001110 w
b0 y
b10000 ~
b1010001110 3"
15
#15630000
05
#15635000
b100 6
b100 :
b10010 #"
b1111001000001111 $
b1111001000001111 !"
b1111001000001111 w
b11110010 x
1"
b10001 ~
b1010001111 3"
15
#15640000
05
#15645000
bx 6
bx :
b0 #"
b100 x
b11110010 |
0"
b10010 ~
b1010010000 3"
15
#15650000
05
#15655000
b1 #"
b1111001000000100 z
b0 ~
b1010010001 3"
15
#15660000
05
#15665000
b0 6
b0 :
b10 #"
1"
b1111001000000100 $
b1111001000000100 !"
b1111001000000100 w
b1 ~
b1010010010 3"
15
#15670000
05
#15675000
bx 6
bx :
b100000 #"
b1111001000000101 z
b0 x
0"
b10 ~
b1010010011 3"
15
#15680000
05
#15685000
b11110000 6
b11110000 :
b0 #"
1"
b1111001000000101 $
b1111001000000101 !"
b1111001000000101 w
b100000 ~
b1010010100 3"
15
#15690000
05
#15695000
bx 6
bx :
b1 #"
0"
b0 ~
b1010010101 3"
15
#15700000
05
#15705000
b11110000 6
b11110000 :
b10 #"
1"
b1 ~
b1010010110 3"
15
#15710000
05
#15715000
bx 6
bx :
b100000 #"
b1111001000000110 z
b11110000 x
0"
b10 ~
b1010010111 3"
15
#15720000
05
#15725000
b1010 6
b1010 :
b0 #"
1"
b1111001000000110 $
b1111001000000110 !"
b1111001000000110 w
b11110000 y
b100000 ~
b1010011000 3"
15
#15730000
05
#15735000
bx 6
bx :
b1 #"
0"
b0 ~
b1010011001 3"
15
#15740000
05
#15745000
b1010 6
b1010 :
b10 #"
1"
b1 ~
b1010011010 3"
15
#15750000
05
#15755000
bx 6
bx :
b100000 #"
b1111001000000111 z
b1010 x
0"
b10 ~
b1010011011 3"
15
#15760000
05
#15765000
b11 6
b11 :
b0 #"
1"
b1111001000000111 $
b1111001000000111 !"
b1111001000000111 w
b1010 y
b100000 ~
b1010011100 3"
15
#15770000
05
#15775000
bx 6
bx :
b1 #"
0"
b0 ~
b1010011101 3"
15
#15780000
05
#15785000
b11 6
b11 :
b10 #"
1"
b1 ~
b1010011110 3"
15
#15790000
05
#15795000
bx 6
bx :
b11000 #"
b1111001000001000 z
b11 x
0"
b10 ~
b1010011111 3"
15
#15800000
05
#15805000
0;
b1 >
b1 *"
b1 )"
1&"
b1 6
b1 :
b0 #"
1"
b1111001000001000 $
b1111001000001000 !"
b1111001000001000 w
b11 y
1A
b11000 ~
b1010100000 3"
15
#15810000
05
#15815000
b0 )"
0&"
bx 6
bx :
b1 #"
b1 v
b1 $"
0"
0A
b0 ~
b1010100001 3"
15
#15820000
05
#15825000
b1 6
b1 :
b10 #"
1"
b1 ~
b1010100010 3"
15
#15830000
05
#15835000
bx 6
bx :
b11110 #"
b1111001000001001 z
b1 x
0"
b10 ~
b1010100011 3"
15
#15840000
05
#15845000
b0 6
b0 :
b0 #"
1"
b1111001000001001 $
b1111001000001001 !"
b1111001000001001 w
b1 y
b11110 ~
b1010100100 3"
15
#15850000
05
#15855000
bx 6
bx :
b1 #"
0"
b0 ~
b1010100101 3"
15
#15860000
05
#15865000
b0 6
b0 :
b10 #"
1"
b1 ~
b1010100110 3"
15
#15870000
05
#15875000
bx 6
bx :
b11 #"
b1111001000001010 z
b0 x
0"
b10 ~
b1010100111 3"
15
#15880000
05
#15885000
b11110001 6
b11110001 :
b100 #"
1"
b1111001000001010 $
b1111001000001010 !"
b1111001000001010 w
b0 y
b11 ~
b1010101000 3"
15
#15890000
05
#15895000
b1001 6
b1001 :
b101 #"
b1111001000001011 $
b1111001000001011 !"
b1111001000001011 w
b1111001000001011 z
b11110001 x
1"
b100 ~
b1010101001 3"
15
#15900000
05
#15905000
bx 6
bx :
b110 #"
b1111001000001100 z
b1001 x
b11110001 |
0"
b101 ~
b1010101010 3"
15
#15910000
05
#15915000
b0 6
b0 :
b111 #"
1"
b1111000100001001 $
b1111000100001001 !"
b1111000100001001 w
b110 ~
b1010101011 3"
15
#15920000
05
#15925000
bx 6
bx :
b0 #"
b0 x
0"
b111 ~
b1010101100 3"
15
#15930000
05
#15935000
1;
b0 >
b0 *"
b1 #"
b0 v
b0 $"
b0 ~
b1010101101 3"
15
#15940000
05
#15945000
b110 6
b110 :
b10 #"
1"
b1111001000001100 $
b1111001000001100 !"
b1111001000001100 w
b1 ~
b1010101110 3"
15
#15950000
05
#15955000
bx 6
bx :
b100000 #"
b1111001000001101 z
b110 x
0"
b10 ~
b1010101111 3"
15
#15960000
05
#15965000
b0 6
b0 :
b0 #"
1"
b1111001000001101 $
b1111001000001101 !"
b1111001000001101 w
b110 y
b100000 ~
b1010110000 3"
15
#15970000
05
#15975000
bx 6
bx :
b1 #"
0"
b0 ~
b1010110001 3"
15
#15980000
05
#15985000
b0 6
b0 :
b10 #"
1"
b1 ~
b1010110010 3"
15
#15990000
05
#15995000
bx 6
bx :
b10000 #"
b1111001000001110 z
b0 x
0"
b10 ~
b1010110011 3"
15
#16000000
05
#16005000
b11110010 6
b11110010 :
b10001 #"
1"
b1111001000001110 $
b1111001000001110 !"
b1111001000001110 w
b0 y
b10000 ~
b1010110100 3"
15
#16010000
05
#16015000
b100 6
b100 :
b10010 #"
b1111001000001111 $
b1111001000001111 !"
b1111001000001111 w
b11110010 x
1"
b10001 ~
b1010110101 3"
15
#16020000
05
#16025000
bx 6
bx :
b0 #"
b100 x
b11110010 |
0"
b10010 ~
b1010110110 3"
15
#16030000
05
#16035000
b1 #"
b1111001000000100 z
b0 ~
b1010110111 3"
15
#16040000
05
#16045000
b0 6
b0 :
b10 #"
1"
b1111001000000100 $
b1111001000000100 !"
b1111001000000100 w
b1 ~
b1010111000 3"
15
#16050000
05
#16055000
bx 6
bx :
b100000 #"
b1111001000000101 z
b0 x
0"
b10 ~
b1010111001 3"
15
#16060000
05
#16065000
b11110000 6
b11110000 :
b0 #"
1"
b1111001000000101 $
b1111001000000101 !"
b1111001000000101 w
b100000 ~
b1010111010 3"
15
#16070000
05
#16075000
bx 6
bx :
b1 #"
0"
b0 ~
b1010111011 3"
15
#16080000
05
#16085000
b11110000 6
b11110000 :
b10 #"
1"
b1 ~
b1010111100 3"
15
#16090000
05
#16095000
bx 6
bx :
b100000 #"
b1111001000000110 z
b11110000 x
0"
b10 ~
b1010111101 3"
15
#16100000
05
#16105000
b1010 6
b1010 :
b0 #"
1"
b1111001000000110 $
b1111001000000110 !"
b1111001000000110 w
b11110000 y
b100000 ~
b1010111110 3"
15
#16110000
05
#16115000
bx 6
bx :
b1 #"
0"
b0 ~
b1010111111 3"
15
#16120000
05
#16125000
b1010 6
b1010 :
b10 #"
1"
b1 ~
b1011000000 3"
15
#16130000
05
#16135000
bx 6
bx :
b100000 #"
b1111001000000111 z
b1010 x
0"
b10 ~
b1011000001 3"
15
#16140000
05
#16145000
b11 6
b11 :
b0 #"
1"
b1111001000000111 $
b1111001000000111 !"
b1111001000000111 w
b1010 y
b100000 ~
b1011000010 3"
15
#16150000
05
#16155000
bx 6
bx :
b1 #"
0"
b0 ~
b1011000011 3"
15
#16160000
05
#16165000
b11 6
b11 :
b10 #"
1"
b1 ~
b1011000100 3"
15
#16170000
05
#16175000
bx 6
bx :
b11000 #"
b1111001000001000 z
b11 x
0"
b10 ~
b1011000101 3"
15
#16180000
05
#16185000
0;
b1 >
b1 *"
b1 )"
1&"
b1 6
b1 :
b0 #"
1"
b1111001000001000 $
b1111001000001000 !"
b1111001000001000 w
b11 y
1A
b11000 ~
b1011000110 3"
15
#16190000
05
#16195000
b0 )"
0&"
bx 6
bx :
b1 #"
b1 v
b1 $"
0"
0A
b0 ~
b1011000111 3"
15
#16200000
05
#16205000
b1 6
b1 :
b10 #"
1"
b1 ~
b1011001000 3"
15
#16210000
05
#16215000
bx 6
bx :
b11110 #"
b1111001000001001 z
b1 x
0"
b10 ~
b1011001001 3"
15
#16220000
05
#16225000
b0 6
b0 :
b0 #"
1"
b1111001000001001 $
b1111001000001001 !"
b1111001000001001 w
b1 y
b11110 ~
b1011001010 3"
15
#16230000
05
#16235000
bx 6
bx :
b1 #"
0"
b0 ~
b1011001011 3"
15
#16240000
05
#16245000
b0 6
b0 :
b10 #"
1"
b1 ~
b1011001100 3"
15
#16250000
05
#16255000
bx 6
bx :
b11 #"
b1111001000001010 z
b0 x
0"
b10 ~
b1011001101 3"
15
#16260000
05
#16265000
b11110001 6
b11110001 :
b100 #"
1"
b1111001000001010 $
b1111001000001010 !"
b1111001000001010 w
b0 y
b11 ~
b1011001110 3"
15
#16270000
05
#16275000
b1001 6
b1001 :
b101 #"
b1111001000001011 $
b1111001000001011 !"
b1111001000001011 w
b1111001000001011 z
b11110001 x
1"
b100 ~
b1011001111 3"
15
#16280000
05
#16285000
bx 6
bx :
b110 #"
b1111001000001100 z
b1001 x
b11110001 |
0"
b101 ~
b1011010000 3"
15
#16290000
05
#16295000
b0 6
b0 :
b111 #"
1"
b1111000100001001 $
b1111000100001001 !"
b1111000100001001 w
b110 ~
b1011010001 3"
15
#16300000
05
#16305000
bx 6
bx :
b0 #"
b0 x
0"
b111 ~
b1011010010 3"
15
#16310000
05
#16315000
1;
b0 >
b0 *"
b1 #"
b0 v
b0 $"
b0 ~
b1011010011 3"
15
#16320000
05
#16325000
b110 6
b110 :
b10 #"
1"
b1111001000001100 $
b1111001000001100 !"
b1111001000001100 w
b1 ~
b1011010100 3"
15
#16330000
05
#16335000
bx 6
bx :
b100000 #"
b1111001000001101 z
b110 x
0"
b10 ~
b1011010101 3"
15
#16340000
05
#16345000
b0 6
b0 :
b0 #"
1"
b1111001000001101 $
b1111001000001101 !"
b1111001000001101 w
b110 y
b100000 ~
b1011010110 3"
15
#16350000
05
#16355000
bx 6
bx :
b1 #"
0"
b0 ~
b1011010111 3"
15
#16360000
05
#16365000
b0 6
b0 :
b10 #"
1"
b1 ~
b1011011000 3"
15
#16370000
05
#16375000
bx 6
bx :
b10000 #"
b1111001000001110 z
b0 x
0"
b10 ~
b1011011001 3"
15
#16380000
05
#16385000
b11110010 6
b11110010 :
b10001 #"
1"
b1111001000001110 $
b1111001000001110 !"
b1111001000001110 w
b0 y
b10000 ~
b1011011010 3"
15
#16390000
05
#16395000
b100 6
b100 :
b10010 #"
b1111001000001111 $
b1111001000001111 !"
b1111001000001111 w
b11110010 x
1"
b10001 ~
b1011011011 3"
15
#16400000
05
#16405000
bx 6
bx :
b0 #"
b100 x
b11110010 |
0"
b10010 ~
b1011011100 3"
15
#16410000
05
#16415000
b1 #"
b1111001000000100 z
b0 ~
b1011011101 3"
15
#16420000
05
#16425000
b0 6
b0 :
b10 #"
1"
b1111001000000100 $
b1111001000000100 !"
b1111001000000100 w
b1 ~
b1011011110 3"
15
#16430000
05
#16435000
bx 6
bx :
b100000 #"
b1111001000000101 z
b0 x
0"
b10 ~
b1011011111 3"
15
#16440000
05
#16445000
b11110000 6
b11110000 :
b0 #"
1"
b1111001000000101 $
b1111001000000101 !"
b1111001000000101 w
b100000 ~
b1011100000 3"
15
#16450000
05
#16455000
bx 6
bx :
b1 #"
0"
b0 ~
b1011100001 3"
15
#16460000
05
#16465000
b11110000 6
b11110000 :
b10 #"
1"
b1 ~
b1011100010 3"
15
#16470000
05
#16475000
bx 6
bx :
b100000 #"
b1111001000000110 z
b11110000 x
0"
b10 ~
b1011100011 3"
15
#16480000
05
#16485000
b1010 6
b1010 :
b0 #"
1"
b1111001000000110 $
b1111001000000110 !"
b1111001000000110 w
b11110000 y
b100000 ~
b1011100100 3"
15
#16490000
05
#16495000
bx 6
bx :
b1 #"
0"
b0 ~
b1011100101 3"
15
#16500000
05
#16505000
b1010 6
b1010 :
b10 #"
1"
b1 ~
b1011100110 3"
15
#16510000
05
#16515000
bx 6
bx :
b100000 #"
b1111001000000111 z
b1010 x
0"
b10 ~
b1011100111 3"
15
#16520000
05
#16525000
b11 6
b11 :
b0 #"
1"
b1111001000000111 $
b1111001000000111 !"
b1111001000000111 w
b1010 y
b100000 ~
b1011101000 3"
15
#16530000
05
#16535000
bx 6
bx :
b1 #"
0"
b0 ~
b1011101001 3"
15
#16540000
05
#16545000
b11 6
b11 :
b10 #"
1"
b1 ~
b1011101010 3"
15
#16550000
05
#16555000
bx 6
bx :
b11000 #"
b1111001000001000 z
b11 x
0"
b10 ~
b1011101011 3"
15
#16560000
05
#16565000
0;
b1 >
b1 *"
b1 )"
1&"
b1 6
b1 :
b0 #"
1"
b1111001000001000 $
b1111001000001000 !"
b1111001000001000 w
b11 y
1A
b11000 ~
b1011101100 3"
15
#16570000
05
#16575000
b0 )"
0&"
bx 6
bx :
b1 #"
b1 v
b1 $"
0"
0A
b0 ~
b1011101101 3"
15
#16580000
05
#16585000
b1 6
b1 :
b10 #"
1"
b1 ~
b1011101110 3"
15
#16590000
05
#16595000
bx 6
bx :
b11110 #"
b1111001000001001 z
b1 x
0"
b10 ~
b1011101111 3"
15
#16600000
05
#16605000
b0 6
b0 :
b0 #"
1"
b1111001000001001 $
b1111001000001001 !"
b1111001000001001 w
b1 y
b11110 ~
b1011110000 3"
15
#16610000
05
#16615000
bx 6
bx :
b1 #"
0"
b0 ~
b1011110001 3"
15
#16620000
05
#16625000
b0 6
b0 :
b10 #"
1"
b1 ~
b1011110010 3"
15
#16630000
05
#16635000
bx 6
bx :
b11 #"
b1111001000001010 z
b0 x
0"
b10 ~
b1011110011 3"
15
#16640000
05
#16645000
b11110001 6
b11110001 :
b100 #"
1"
b1111001000001010 $
b1111001000001010 !"
b1111001000001010 w
b0 y
b11 ~
b1011110100 3"
15
#16650000
05
#16655000
b1001 6
b1001 :
b101 #"
b1111001000001011 $
b1111001000001011 !"
b1111001000001011 w
b1111001000001011 z
b11110001 x
1"
b100 ~
b1011110101 3"
15
#16660000
05
#16665000
bx 6
bx :
b110 #"
b1111001000001100 z
b1001 x
b11110001 |
0"
b101 ~
b1011110110 3"
15
#16670000
05
#16675000
b0 6
b0 :
b111 #"
1"
b1111000100001001 $
b1111000100001001 !"
b1111000100001001 w
b110 ~
b1011110111 3"
15
#16680000
05
#16685000
bx 6
bx :
b0 #"
b0 x
0"
b111 ~
b1011111000 3"
15
#16690000
05
#16695000
1;
b0 >
b0 *"
b1 #"
b0 v
b0 $"
b0 ~
b1011111001 3"
15
#16700000
05
#16705000
b110 6
b110 :
b10 #"
1"
b1111001000001100 $
b1111001000001100 !"
b1111001000001100 w
b1 ~
b1011111010 3"
15
#16710000
05
#16715000
bx 6
bx :
b100000 #"
b1111001000001101 z
b110 x
0"
b10 ~
b1011111011 3"
15
#16720000
05
#16725000
b0 6
b0 :
b0 #"
1"
b1111001000001101 $
b1111001000001101 !"
b1111001000001101 w
b110 y
b100000 ~
b1011111100 3"
15
#16730000
05
#16735000
bx 6
bx :
b1 #"
0"
b0 ~
b1011111101 3"
15
#16740000
05
#16745000
b0 6
b0 :
b10 #"
1"
b1 ~
b1011111110 3"
15
#16750000
05
#16755000
bx 6
bx :
b10000 #"
b1111001000001110 z
b0 x
0"
b10 ~
b1011111111 3"
15
#16760000
05
#16765000
b11110010 6
b11110010 :
b10001 #"
1"
b1111001000001110 $
b1111001000001110 !"
b1111001000001110 w
b0 y
b10000 ~
b1100000000 3"
15
#16770000
05
#16775000
b100 6
b100 :
b10010 #"
b1111001000001111 $
b1111001000001111 !"
b1111001000001111 w
b11110010 x
1"
b10001 ~
b1100000001 3"
15
#16780000
05
#16785000
bx 6
bx :
b0 #"
b100 x
b11110010 |
0"
b10010 ~
b1100000010 3"
15
#16790000
05
#16795000
b1 #"
b1111001000000100 z
b0 ~
b1100000011 3"
15
#16800000
05
#16805000
b0 6
b0 :
b10 #"
1"
b1111001000000100 $
b1111001000000100 !"
b1111001000000100 w
b1 ~
b1100000100 3"
15
#16810000
05
#16815000
bx 6
bx :
b100000 #"
b1111001000000101 z
b0 x
0"
b10 ~
b1100000101 3"
15
#16820000
05
#16825000
b11110000 6
b11110000 :
b0 #"
1"
b1111001000000101 $
b1111001000000101 !"
b1111001000000101 w
b100000 ~
b1100000110 3"
15
#16830000
05
#16835000
bx 6
bx :
b1 #"
0"
b0 ~
b1100000111 3"
15
#16840000
05
#16845000
b11110000 6
b11110000 :
b10 #"
1"
b1 ~
b1100001000 3"
15
#16850000
05
#16855000
bx 6
bx :
b100000 #"
b1111001000000110 z
b11110000 x
0"
b10 ~
b1100001001 3"
15
#16860000
05
#16865000
b1010 6
b1010 :
b0 #"
1"
b1111001000000110 $
b1111001000000110 !"
b1111001000000110 w
b11110000 y
b100000 ~
b1100001010 3"
15
#16870000
05
#16875000
bx 6
bx :
b1 #"
0"
b0 ~
b1100001011 3"
15
#16880000
05
#16885000
b1010 6
b1010 :
b10 #"
1"
b1 ~
b1100001100 3"
15
#16890000
05
#16895000
bx 6
bx :
b100000 #"
b1111001000000111 z
b1010 x
0"
b10 ~
b1100001101 3"
15
#16900000
05
#16905000
b11 6
b11 :
b0 #"
1"
b1111001000000111 $
b1111001000000111 !"
b1111001000000111 w
b1010 y
b100000 ~
b1100001110 3"
15
#16910000
05
#16915000
bx 6
bx :
b1 #"
0"
b0 ~
b1100001111 3"
15
#16920000
05
#16925000
b11 6
b11 :
b10 #"
1"
b1 ~
b1100010000 3"
15
#16930000
05
#16935000
bx 6
bx :
b11000 #"
b1111001000001000 z
b11 x
0"
b10 ~
b1100010001 3"
15
#16940000
05
#16945000
0;
b1 >
b1 *"
b1 )"
1&"
b1 6
b1 :
b0 #"
1"
b1111001000001000 $
b1111001000001000 !"
b1111001000001000 w
b11 y
1A
b11000 ~
b1100010010 3"
15
#16950000
05
#16955000
b0 )"
0&"
bx 6
bx :
b1 #"
b1 v
b1 $"
0"
0A
b0 ~
b1100010011 3"
15
#16960000
05
#16965000
b1 6
b1 :
b10 #"
1"
b1 ~
b1100010100 3"
15
#16970000
05
#16975000
bx 6
bx :
b11110 #"
b1111001000001001 z
b1 x
0"
b10 ~
b1100010101 3"
15
#16980000
05
#16985000
b0 6
b0 :
b0 #"
1"
b1111001000001001 $
b1111001000001001 !"
b1111001000001001 w
b1 y
b11110 ~
b1100010110 3"
15
#16990000
05
#16995000
bx 6
bx :
b1 #"
0"
b0 ~
b1100010111 3"
15
#17000000
05
#17005000
b0 6
b0 :
b10 #"
1"
b1 ~
b1100011000 3"
15
#17010000
05
#17015000
bx 6
bx :
b11 #"
b1111001000001010 z
b0 x
0"
b10 ~
b1100011001 3"
15
#17020000
05
#17025000
b11110001 6
b11110001 :
b100 #"
1"
b1111001000001010 $
b1111001000001010 !"
b1111001000001010 w
b0 y
b11 ~
b1100011010 3"
15
#17030000
05
#17035000
b1001 6
b1001 :
b101 #"
b1111001000001011 $
b1111001000001011 !"
b1111001000001011 w
b1111001000001011 z
b11110001 x
1"
b100 ~
b1100011011 3"
15
#17040000
05
#17045000
bx 6
bx :
b110 #"
b1111001000001100 z
b1001 x
b11110001 |
0"
b101 ~
b1100011100 3"
15
#17050000
05
#17055000
b0 6
b0 :
b111 #"
1"
b1111000100001001 $
b1111000100001001 !"
b1111000100001001 w
b110 ~
b1100011101 3"
15
#17060000
05
#17065000
bx 6
bx :
b0 #"
b0 x
0"
b111 ~
b1100011110 3"
15
#17070000
05
#17075000
1;
b0 >
b0 *"
b1 #"
b0 v
b0 $"
b0 ~
b1100011111 3"
15
#17080000
05
#17085000
b110 6
b110 :
b10 #"
1"
b1111001000001100 $
b1111001000001100 !"
b1111001000001100 w
b1 ~
b1111 8
b100001101001111010101010100111001010100001011010011010100100000 ,"
b101 +"
b1100100000 3"
15
